maker_key,maker_raw,maker_name,parent_group
1,A-1 SUREJA INDUSTRIES,A-1 Sureja Industries,A-1 Sureja Industries
2,ABZO MOTORS PVT LTD,Abzo Motors,Abzo Motors
3,ADISHWAR AUTO RIDE INDIA PVT LTD,Adishwar Auto Ride India,Adishwar Auto Ride India
4,ADM TECHNOLOGIES PVT. LTD.,Adm Technologies,Adm Technologies
5,ADRIS ELECTRIC PVT LTD,Adris Electric,Adris Electric
6,AFTEK MOTORS INDIA PVT LTD,Aftek Motors India,Aftek Motors India
7,ALTIUS EV TECH PVT LTD,Altius Ev Tech,Altius Ev Tech
8,AMO MOBILITY SOLUTIONS PVT LTD,Amo Mobility Solutions,Amo Mobility Solutions
9,AMPERE VEHICLES PRIVATE LIMITED,Ampere (Greaves Electric),Greaves Cotton
10,AMPERE VEHICLES PVT LTD,Ampere (Greaves Electric),Greaves Cotton
11,ANCHI MOTORCYCLE (IMPORTER: ECOTRINITY AUTOMOBILE,Anchi Motorcycle (Importer: Ecotrinity Automobile,Anchi Motorcycle (Importer: Ecotrinity Automobile
12,ANCHI MOTORCYCLE (IMPORTER: EVNEXUS PVT. LTD.),Anchi Motorcycle (Importer: Evnexus ),Anchi Motorcycle (Importer: Evnexus )
13,ANCHI MOTORCYCLE (IMPORTER: YED ELECTRIC),Anchi Motorcycle (Importer: Yed Electric),Anchi Motorcycle (Importer: Yed Electric)
14,ANCHI MOTORCYCLE (IMPORTER:HINDUSTAN EV MOTORS),Anchi Motorcycle (Importer:Hindustan Ev Motors),Anchi Motorcycle (Importer:Hindustan Ev Motors)
15,ANCHI MOTORCYCLE(IMPORTER:GREEN FUEL ALTERNATIVES),Anchi Motorcycle(Importer:Green Fuel Alternatives),Anchi Motorcycle(Importer:Green Fuel Alternatives)
16,APEIRON MOBILITY PVT LTD,Apeiron Mobility,Apeiron Mobility
17,ASHNNI MOTORS PVT LTD,Ashnni Motors,Ashnni Motors
18,ATHER ENERGY LTD,Ather Energy,Ather Energy
19,ATOMEX E-MOTORS INDIA PVT LTD,Atomex E-Motors India,Atomex E-Motors India
20,ATUMOBILE PVT LTD,Atumobile,Atumobile
21,AYAAN ELECTRONIC PVT LTD,Ayaan Electronic,Ayaan Electronic
22,BAILI MOTOR (IMPORTER:A B MOTOSS EV PVT LTD),Baili Motor (Importer:A B Motoss Ev ),Baili Motor (Importer:A B Motoss Ev )
23,BAJAJ AUTO LTD,Bajaj Auto,Bajaj Auto
24,BATTRE ELECTRIC MOBLITY PVT LTD,Battre Electric Moblity,Battre Electric Moblity
25,BENLING INDIA ENERGY AND TECHNOLOGY PVT LTD,Benling India Energy And Technology,Benling India Energy And Technology
26,BGAUSS AUTO PRIVATE LIMITED,BGauss,BGauss
27,BLIX CYCLES AND E-VEHICLES PVT LTD,Blix Cycles And E-Vehicles,Blix Cycles And E-Vehicles
28,BMR EV INDUSTRIES PVT LTD,Bmr Ev Industries,Bmr Ev Industries
29,BMW INDIA PVT LTD,Bmw India,Bmw India
30,BOOMA INNOVATIVE TRANSPORT SULUTIONS PVT LTD,Booma Innovative Transport Sulutions,Booma Innovative Transport Sulutions
31,BOUNCE ELECTRIC 1 PVT LTD,Bounce Electric 1,Bounce Electric 1
32,BU4 AUTO PVT LTD,Bu4 Auto,Bu4 Auto
33,CHANDANA CORPORATION,Chandana Corporation,Chandana Corporation
34,CHETAK TECHNOLOGY LIMITED,Bajaj Auto,Bajaj Auto
35,CHINA HAOCHEN (IMPORTER: ADMS MARKETING),China Haochen (Importer: Adms Marketing),China Haochen (Importer: Adms Marketing)
36,CHINA HAOCHEN (IMPORTER:SLSR ELECTRO),China Haochen (Importer:Slsr Electro),China Haochen (Importer:Slsr Electro)
37,CHONGQING CHARMING (IMPORTER: AYAAN ELECTRONICS).,Chongqing Charming (Importer: Ayaan Electronics),Chongqing Charming (Importer: Ayaan Electronics)
38,CORRIT ELECTRIC PVT LTD,Corrit Electric,Corrit Electric
39,DAO EVTECH PRIVATE LIMITED,Dao Evtech,Dao Evtech
40,DELTA AUTOCORP LTD,Delta Autocorp,Delta Autocorp
41,DONGMA VEHICLE (IMPORTER: MERCURY METALS),Dongma Vehicle (Importer: Mercury Metals),Dongma Vehicle (Importer: Mercury Metals)
42,DURGA FILTERS PVT LTD,Durga Filters,Durga Filters
43,E ROYCE MOTORS INDIA PVT LTD,E Royce Motors India,E Royce Motors India
44,E-ASHWA AUTOMOTIVE (HS 2W) PVT LTD,E-Ashwa Automotive (Hs 2W),E-Ashwa Automotive (Hs 2W)
45,E-SPRINTO GREEN ENERGY PVT LTD,E-Sprinto Green Energy,E-Sprinto Green Energy
46,ECOBIT INTERNATIONAL(IMPORTER: JHEV MOTORS),Ecobit International(Importer: Jhev Motors),Ecobit International(Importer: Jhev Motors)
47,ECOPLANET MOTORS PVT LTD,Ecoplanet Motors,Ecoplanet Motors
48,ELECTRECA VEHICLES,Electreca Vehicles,Electreca Vehicles
49,ELECTRIC ALLIANCE(IMPORTER: ELLYSIUM AUTOMOTIVES),Electric Alliance(Importer: Ellysium Automotives),Electric Alliance(Importer: Ellysium Automotives)
50,ELECTROTHERM (INDIA) LIMITED,Electrotherm (India),Electrotherm (India)
51,ELEGO MOTORS PVT LTD,Elego Motors,Elego Motors
52,ELTHOR ENERGY PRIVATE LIMITED,Elthor Energy,Elthor Energy
53,EMOBI MANUFACTURY PRIVATE LIMITED,Emobi Manufactury,Emobi Manufactury
54,ENGTIAN ELECTRIC BIKE PVT LTD,Engtian Electric Bike,Engtian Electric Bike
55,ENIGMA AUTOMOBILES PVT LTD,Enigma Automobiles,Enigma Automobiles
56,ESSEL ENERGY INFRA PVT LTD,Essel Energy Infra,Essel Energy Infra
57,EVTRIC MOTORS PVT LTD,Evtric Motors,Evtric Motors
58,EXERVAL PVT LTD,Exerval,Exerval
59,EXTREME MOTORS,Extreme Motors,Extreme Motors
60,EYAMAUTO MOBILITY PVT LTD,Eyamauto Mobility,Eyamauto Mobility
61,FIADO INDUSTRIES PVT LTD,Fiado Industries,Fiado Industries
62,FSTMOTO (IMPORTER: AUTOICARE INNOVATION),Fstmoto (Importer: Autoicare Innovation),Fstmoto (Importer: Autoicare Innovation)
63,FSTMOTO INTERNATIONAL (IMPORTER: TEDI (INDIA)),Fstmoto International (Importer: Tedi (India)),Fstmoto International (Importer: Tedi (India))
64,FUJIYAMA POWER INFRA PVT. LTD.,Fujiyama Power Infra,Fujiyama Power Infra
65,GAURA ELECTRIC VEHICLES PVT LTD,Gaura Electric Vehicles,Gaura Electric Vehicles
66,GO GREEN EOT (ENERGY OF THINGS) PVT LTD,Go Green Eot (Energy Of Things),Go Green Eot (Energy Of Things)
67,GODAWARI ELECTRIC MOTORS PVT LTD,Godawari Electric Motors,Godawari Electric Motors
68,GOGORO (IMPORTER: GOGORO INDIA PRIVATE LTD),Gogoro (Importer: Gogoro India ),Gogoro (Importer: Gogoro India )
69,GOGORO INDIA PVT LTD,Gogoro India,Gogoro India
70,GOLDENLION (IMPORTER:ELLYSIUM AUTOMOTIVES PVT LTD),Goldenlion (Importer:Ellysium Automotives ),Goldenlion (Importer:Ellysium Automotives )
71,GOREEN E-MOBILITY PVT LTD,Goreen E-Mobility,Goreen E-Mobility
72,GOWITH GREEN E-VEHICLES PVT LTD,Gowith Green E-Vehicles,Gowith Green E-Vehicles
73,GRAVTON MOTORS PVT LTD,Gravton Motors,Gravton Motors
74,GREAVES ELECTRIC MOBILITY LTD,Ampere (Greaves Electric),Greaves Cotton
75,GREEN FUEL ALTERNATIVES PVT LTD,Green Fuel Alternatives,Green Fuel Alternatives
76,GUANGXI MEIBAO(IMPORTER: DYNAMO ELECTRIC),Guangxi Meibao(Importer: Dynamo Electric),Guangxi Meibao(Importer: Dynamo Electric)
77,HAYASA E-MOBILITY (INDIA) PVT LTD,Hayasa E-Mobility (India),Hayasa E-Mobility (India)
78,HERO ELECTRIC VEHICLE PVT LTD,Hero Electric,Hero Electric
79,HERO ELECTRIC VEHICLES PVT. LTD,Hero Electric,Hero Electric
80,HERO HONDA MOTORS LTD,Hero Honda Motors,Hero Honda Motors
81,HERO MOTOCORP LTD,Hero MotoCorp (Vida),Hero MotoCorp
82,HOMFEEL VEGH AUTOMOBILES PVT LTD,Homfeel Vegh Automobiles,Homfeel Vegh Automobiles
83,HONDA MOTORCYCLE AND SCOOTER INDIA (P) LTD,Honda,Honda
84,HONGKONG RUIQUE (IMPORTER: DAO EVTECH),Hongkong Ruique (Importer: Dao Evtech),Hongkong Ruique (Importer: Dao Evtech)
85,HONGKONG WANGYUAN (IMPORTER: GBB E MOBILITY),Hongkong Wangyuan (Importer: Gbb E Mobility),Hongkong Wangyuan (Importer: Gbb E Mobility)
86,HONGKONG WANGYUAN (IMPORTER: RAKHEJA INDUSTRIES),Hongkong Wangyuan (Importer: Rakheja Industries),Hongkong Wangyuan (Importer: Rakheja Industries)
87,HONGKONG WANGYUAN (IMPORTER:INDI ELECTRIC EELS),Hongkong Wangyuan (Importer:Indi Electric Eels),Hongkong Wangyuan (Importer:Indi Electric Eels)
88,HONGKONG WANGYUAN (IMPORTER:POWERTRANS MOBILITY),Hongkong Wangyuan (Importer:Powertrans Mobility),Hongkong Wangyuan (Importer:Powertrans Mobility)
89,HONGKONG YIXING (IMPORTER: ADMS MARKETING),Hongkong Yixing (Importer: Adms Marketing),Hongkong Yixing (Importer: Adms Marketing)
90,HONGKONG YIXING (IMPORTER: KKL HITECH EV),Hongkong Yixing (Importer: Kkl Hitech Ev),Hongkong Yixing (Importer: Kkl Hitech Ev)
91,HONGKONG YIXING (IMPORTER: VICTORY ELECTRIC),Hongkong Yixing (Importer: Victory Electric),Hongkong Yixing (Importer: Victory Electric)
92,HOP ELECTRIC MOBILITY PVT LTD,Hop Electric Mobility,Hop Electric Mobility
93,HOUSTAN INNOVATION LLP,Houstan Innovation,Houstan Innovation
94,HSU DRAGON (IMPORTER: BMR ELECTRIC),Hsu Dragon (Importer: Bmr Electric),Hsu Dragon (Importer: Bmr Electric)
95,HSU DRAGON (IMPORTER: BMR EV INDUSTRIES),Hsu Dragon (Importer: Bmr Ev Industries),Hsu Dragon (Importer: Bmr Ev Industries)
96,HSU DRAGON (IMPORTER: DARK FIGHT POWER PVT LTD),Hsu Dragon (Importer: Dark Fight Power ),Hsu Dragon (Importer: Dark Fight Power )
97,HSU DRAGON (IMPORTER: HUMAN CENTERED),Hsu Dragon (Importer: Human Centered),Hsu Dragon (Importer: Human Centered)
98,HSU DRAGON (IMPORTER:SKANDAA AUTOMOTIVE),Hsu Dragon (Importer:Skandaa Automotive),Hsu Dragon (Importer:Skandaa Automotive)
99,IGOWISE MOBILITY PVT LTD,Igowise Mobility,Igowise Mobility
100,INDIA YAMAHA MOTOR PVT LTD,India Yamaha Motor,India Yamaha Motor
101,IRA EDUTECH PVT LTD,Ira Edutech,Ira Edutech
102,ISUZU MOTORS INDIA PVT LTD,Isuzu Motors India,Isuzu Motors India
103,IVOOMI INNOVATION PVT LTD,Ivoomi Innovation,Ivoomi Innovation
104,IZANAU ELECTRIC LLP,Izanau Electric,Izanau Electric
105,J K AGRO INDUSTRIES,J K Agro Industries,J K Agro Industries
106,J. S. AUTO (P) LTD,J. S. Auto,J. S. Auto
107,JEEVAA E-BIKE MFG PVT LTD,Jeevaa E-Bike Mfg,Jeevaa E-Bike Mfg
108,JIANGSU AIMA (IMPORTER: FUTURE EV),Jiangsu Aima (Importer: Future Ev),Jiangsu Aima (Importer: Future Ev)
109,JIANGSU AIMA (IMPORTER: QUANTUM ENERGY),Jiangsu Aima (Importer: Quantum Energy),Jiangsu Aima (Importer: Quantum Energy)
110,JIANGSU DALONG (IMPORTER: ENGTIAN ELECTRIC),Jiangsu Dalong (Importer: Engtian Electric),Jiangsu Dalong (Importer: Engtian Electric)
111,JIANGSU DALONG (IMPORTER: KINGCHE MOBILITY),Jiangsu Dalong (Importer: Kingche Mobility),Jiangsu Dalong (Importer: Kingche Mobility)
112,JIANGSU DALONG (IMPORTER: RILOX EV PVT LTD),Jiangsu Dalong (Importer: Rilox Ev ),Jiangsu Dalong (Importer: Rilox Ev )
113,JIANGSU DALONG (IMPORTER: SABOO TOR),Jiangsu Dalong (Importer: Saboo Tor),Jiangsu Dalong (Importer: Saboo Tor)
114,JIANGSU DALONG (IMPORTER:TYLOS ELECTRIC VEHICLES),Jiangsu Dalong (Importer:Tylos Electric Vehicles),Jiangsu Dalong (Importer:Tylos Electric Vehicles)
115,JIANGSU DALONG JIANHAO (IMPORTER: GREEN INDIA),Jiangsu Dalong Jianhao (Importer: Green India),Jiangsu Dalong Jianhao (Importer: Green India)
116,JIANGSU DALONG JIANHAO (IMPORTER: MK FLYING),Jiangsu Dalong Jianhao (Importer: Mk Flying),Jiangsu Dalong Jianhao (Importer: Mk Flying)
117,JIANGSU GUOWEI (IMPORTER: REVEAL ELECTRIC),Jiangsu Guowei (Importer: Reveal Electric),Jiangsu Guowei (Importer: Reveal Electric)
118,JIANGSU GUOWEI (IMPORTER:ELECTRO-TECH),Jiangsu Guowei (Importer:Electro-Tech),Jiangsu Guowei (Importer:Electro-Tech)
119,JIANGSU JINPENG (IMPORTER:RAFT MOTORS P. LTD),Jiangsu Jinpeng (Importer:Raft Motors P. ),Jiangsu Jinpeng (Importer:Raft Motors P. )
120,JIANGSU SUNHOU (IMPORTER: KAGDI TECH SOLUTIONS),Jiangsu Sunhou (Importer: Kagdi Tech Solutions),Jiangsu Sunhou (Importer: Kagdi Tech Solutions)
121,JIANGSU SUNHOU (IMPORTER: SABOO TOR),Jiangsu Sunhou (Importer: Saboo Tor),Jiangsu Sunhou (Importer: Saboo Tor)
122,JIANGSU XINRI (IMPORTER: ECO FUEL SYSTEMS LTD),Jiangsu Xinri (Importer: Eco Fuel Systems ),Jiangsu Xinri (Importer: Eco Fuel Systems )
123,JIANGSU XINRI (IMPORTER: NISIKI TECHNOLOGIES),Jiangsu Xinri (Importer: Nisiki Technologies),Jiangsu Xinri (Importer: Nisiki Technologies)
124,JIANGSU XINRI E-VEHICLE(IMPORTER SWIFT CUR.TECH.),Jiangsu Xinri E-Vehicle(Importer Swift Cur.Tech.),Jiangsu Xinri E-Vehicle(Importer Swift Cur.Tech.)
125,JIANGSU ZHEENAIDA (IMPORTER: KLB GLOBAL),Jiangsu Zheenaida (Importer: Klb Global),Jiangsu Zheenaida (Importer: Klb Global)
126,JIANGSU ZHONGXING (IMPORTER:SKANDAA AUTOMOTIVE),Jiangsu Zhongxing (Importer:Skandaa Automotive),Jiangsu Zhongxing (Importer:Skandaa Automotive)
127,JINDAL MOBILITRIC PVT LTD,Jindal Mobilitric,Jindal Mobilitric
128,JITENDRA ENGINEERING,Jitendra Engineering,Jitendra Engineering
129,JITENDRA NEW EV-TECH PVT. LTD,Jitendra New Ev-Tech,Jitendra New Ev-Tech
130,JUNENG MOTORCYCLE (IMPORTER: ADMS MARKETING),Juneng Motorcycle (Importer: Adms Marketing),Juneng Motorcycle (Importer: Adms Marketing)
131,JUNENG MOTORCYCLE (IMPORTER: ISCOOT MOTERS),Juneng Motorcycle (Importer: Iscoot Moters),Juneng Motorcycle (Importer: Iscoot Moters)
132,JUNENG MOTORCYCLE (IMPORTER: JHEV MOTORS PVT LTD),Juneng Motorcycle (Importer: Jhev Motors ),Juneng Motorcycle (Importer: Jhev Motors )
133,JUNENG MOTORCYCLE TECH. (IMPORTER: DELTA AUTOCORP),Juneng Motorcycle Tech. (Importer: Delta Autocorp),Juneng Motorcycle Tech. (Importer: Delta Autocorp)
134,JVK MOTORS PVT LTD,Jvk Motors,Jvk Motors
135,KABIRA MOBILITY LLP,Kabira Mobility,Kabira Mobility
136,KAINING (HONGKONG) (IMPORTER: BEST EV MOBILITY),Kaining (Hongkong) (Importer: Best Ev Mobility),Kaining (Hongkong) (Importer: Best Ev Mobility)
137,KAINING (HONGKONG) (IMPORTER: BMR EV INDUSTRIES),Kaining (Hongkong) (Importer: Bmr Ev Industries),Kaining (Hongkong) (Importer: Bmr Ev Industries)
138,KAINING (HONGKONG) (IMPORTER: COMPTECH MOTOCORP),Kaining (Hongkong) (Importer: Comptech Motocorp),Kaining (Hongkong) (Importer: Comptech Motocorp)
139,KAINING (HONGKONG) (IMPORTER: ENERGY AUTOMOBILE),Kaining (Hongkong) (Importer: Energy Automobile),Kaining (Hongkong) (Importer: Energy Automobile)
140,KAINING (HONGKONG) (IMPORTER: ENIGMA AUTOMOBILES),Kaining (Hongkong) (Importer: Enigma Automobiles),Kaining (Hongkong) (Importer: Enigma Automobiles)
141,KAINING (HONGKONG) (IMPORTER: SEEKA E MOTORS),Kaining (Hongkong) (Importer: Seeka E Motors),Kaining (Hongkong) (Importer: Seeka E Motors)
142,KAINING (HONGKONG) (IMPORTER: TOXMO ELECTRIC),Kaining (Hongkong) (Importer: Toxmo Electric),Kaining (Hongkong) (Importer: Toxmo Electric)
143,KAINING (HONGKONG) (IMPORTER: VOLTA EV PVT LTD),Kaining (Hongkong) (Importer: Volta Ev ),Kaining (Hongkong) (Importer: Volta Ev )
144,KAINING (HONGKONG) (IMPORTER:M/S IZANAU ELECTRIC),Kaining (Hongkong) (Importer:M/S Izanau Electric),Kaining (Hongkong) (Importer:M/S Izanau Electric)
145,KAINING (HONGKONG) (IMPORTER:RAILIES MOTO),Kaining (Hongkong) (Importer:Railies Moto),Kaining (Hongkong) (Importer:Railies Moto)
146,KAINING (HONGKONG)(IMPORTER: TRIVOLT AUTOMOBILES),Kaining (Hongkong)(Importer: Trivolt Automobiles),Kaining (Hongkong)(Importer: Trivolt Automobiles)
147,KAINING (HONGKONG)(IMPORTER: VARNIKYUG INT),Kaining (Hongkong)(Importer: Varnikyug Int),Kaining (Hongkong)(Importer: Varnikyug Int)
148,KAINING (IMPORTER: MANTRA INTERNATIONAL),Kaining (Importer: Mantra International),Kaining (Importer: Mantra International)
149,KINETIC GREEN ENERGY & POWER SOLUTIONS LTD,Kinetic Green,Kinetic Green
150,KINETIC GREEN ENERGY P SOL LTD,Kinetic Green Energy P Sol,Kinetic Green Energy P Sol
151,KINETIC MOTOR COMPANY LIMITED,Kinetic Motor Company,Kinetic Motor Company
152,KINETIC WATTS AND VOLTS LTD,Kinetic Watts And Volts,Kinetic Watts And Volts
153,KLB KOMAKI PVT LTD,Klb Komaki,Klb Komaki
154,KYTE ENERGY PVT. LTD.,Kyte Energy,Kyte Energy
155,LECTRIX E VEHICLES PVT LTD,Lectrix E Vehicles,Lectrix E Vehicles
156,LI-IONS ELEKTRIK SOLUTIONS PVT LTD,Li-Ions Elektrik Solutions,Li-Ions Elektrik Solutions
157,LIMA VEHICLE (IMPORTER: SARAOGI E-VENTURES),Lima Vehicle (Importer: Saraogi E-Ventures),Lima Vehicle (Importer: Saraogi E-Ventures)
158,LIMA VEHICLE GROUP(IMPORTER: ROUTE & MARS EV LLP),Lima Vehicle Group(Importer: Route & Mars Ev ),Lima Vehicle Group(Importer: Route & Mars Ev )
159,LORDS AUTOMATIVE PVT LTD,Lords Automative,Lords Automative
160,LUQI INTELLGENT (IMPORTER: ECOTRINITY AUTOMOBILES,Luqi Intellgent (Importer: Ecotrinity Automobiles,Luqi Intellgent (Importer: Ecotrinity Automobiles
161,M2GO ELECTRIC VEHICLE PVT LTD,M2Go Electric Vehicle,M2Go Electric Vehicle
162,MAA LUXMI E-VEHICLES PVT. LTD.,Maa Luxmi E-Vehicles,Maa Luxmi E-Vehicles
163,MAC INTERNATIONAL (IMPORTER: JHEV MOTORS PVT LTD),Mac International (Importer: Jhev Motors ),Mac International (Importer: Jhev Motors )
164,MAC INTERNATIONAL (IMPORTER: SUNDAK SOLAR),Mac International (Importer: Sundak Solar),Mac International (Importer: Sundak Solar)
165,MAC INTERNATIONAL (IMPORTER:HONESTY),Mac International (Importer:Honesty),Mac International (Importer:Honesty)
166,MAGNIOUS E MOBILITY PVT LTD,Magnious E Mobility,Magnious E Mobility
167,MARUTHISAN PVT LTD,Maruthisan,Maruthisan
168,MATTER MOTOR WORKS PVT LTD,Matter Motor Works,Matter Motor Works
169,MAULIRAJ INDUSTRIES LLP,Mauliraj Industries,Mauliraj Industries
170,MECPOWER MOBILITY PVT. LTD.,Mecpower Mobility,Mecpower Mobility
171,MERCURY EV TECH LTD,Mercury Ev Tech,Mercury Ev Tech
172,MEW ELECTRICALS LIMITED,Mew Electricals,Mew Electricals
173,MICROAUTOTECH PVT. LTD.,Microautotech,Microautotech
174,MIRAKLE 5 AUTOMOBILES PVT LTD,Mirakle 5 Automobiles,Mirakle 5 Automobiles
175,MLR MOTORS LTD,Mlr Motors,Mlr Motors
176,MODIKA INTERNATIONAL (IMPORTER: FRANKLIN EV),Modika International (Importer: Franklin Ev),Modika International (Importer: Franklin Ev)
177,MOTOVOLT MOBILITY PVT LTD,Motovolt Mobility,Motovolt Mobility
178,NANJING VMOTO (IMPORTER: FORTUNEV),Nanjing Vmoto (Importer: Fortunev),Nanjing Vmoto (Importer: Fortunev)
179,NANJING VMOTO (IMPORTER: VAJRAM ELECTRIC MOBILITY),Nanjing Vmoto (Importer: Vajram Electric Mobility),Nanjing Vmoto (Importer: Vajram Electric Mobility)
180,NDS ECO MOTORS PVT LTD,Nds Eco Motors,Nds Eco Motors
181,NIA EV MOTORS PVT LTD,Nia Ev Motors,Nia Ev Motors
182,NINGBO SANJIANG (IMPORTER: SMARTNK ELECTRIC),Ningbo Sanjiang (Importer: Smartnk Electric),Ningbo Sanjiang (Importer: Smartnk Electric)
183,NINGBO SANJIANG (IMPORTER: VABRO EVTECH),Ningbo Sanjiang (Importer: Vabro Evtech),Ningbo Sanjiang (Importer: Vabro Evtech)
184,NISIKI TECHNOLOGIES PVT LTD,Nisiki Technologies,Nisiki Technologies
185,NUMEROS MOTORS PVT LTD,Numeros Motors,Numeros Motors
186,OBEN ELECTRIC VEHICLES PVT LTD,Oben Electric Vehicles,Oben Electric Vehicles
187,ODYSSE ELECTRIC VEHICLES PVT LTD,Odysse Electric Vehicles,Odysse Electric Vehicles
188,OKAYA POWER PVT LTD,Okaya Power,Okaya Power
189,OKINAWA AUTOTECH PVT LTD,Okinawa,Okinawa
190,OLA ELECTRIC TECHNOLOGIES PVT LTD,Ola Electric,Ola Electric
191,OMJAY EV LIMITED,Omjay Ev,Omjay Ev
192,OPG MOBILITY AND POWER PVT LTD,Opg Mobility And Power,Opg Mobility And Power
193,ORA GROUP (IMPORTER: VAKRA TUNDAYA NAMAHA PVT LTD),Ora Group (Importer: Vakra Tundaya Namaha ),Ora Group (Importer: Vakra Tundaya Namaha )
194,OTHERS,Others (Vahan),Others (Vahan)
195,OZOTEC AUTOMOBILE PRIVATE LIMITED,Ozotec Automobile,Ozotec Automobile
196,PORFITEL TECHNOLOGY (IMPORTER: AERORIDE),Porfitel Technology (Importer: Aeroride),Porfitel Technology (Importer: Aeroride)
197,PORWAL ELECTRIC,Porwal Electric,Porwal Electric
198,PUR ENERGY PVT LTD,PURE EV,PURE EV
199,QIANJIANG-KEEWAY (IMPORTER: ADISHWAR AUTO),Qianjiang-Keeway (Importer: Adishwar Auto),Qianjiang-Keeway (Importer: Adishwar Auto)
200,QICHENG VEHICLE (IMPORTER: AUTOICARE INNOVATION),Qicheng Vehicle (Importer: Autoicare Innovation),Qicheng Vehicle (Importer: Autoicare Innovation)
201,QOOKEE TECHNOLOGIES (IMPORTER:VIKEBIKE INDIA),Qookee Technologies (Importer:Vikebike India),Qookee Technologies (Importer:Vikebike India)
202,QUANTUM ENERGY LTD.,Quantum Energy,Quantum Energy
203,RAPTEE ENERGY PVT LTD,Raptee Energy,Raptee Energy
204,REGENERATION E BIKES,Regeneration E Bikes,Regeneration E Bikes
205,REVOLT INTELLICORP PVT LTD,Revolt,Revolt
206,RGM BUSINESS PLUS PVT LTD,Rgm Business Plus,Rgm Business Plus
207,RIVER MOBILITY PVT LTD,River,River
208,RIVOT MOTORS INDIA PVT LTD,Rivot Motors India,Rivot Motors India
209,ROWWET MOBILITY PVT LTD,Rowwet Mobility,Rowwet Mobility
210,ROYAL-ENFIELD (UNIT OF EICHER LTD),Royal-Enfield (Unit Of Eicher ),Royal-Enfield (Unit Of Eicher )
211,SAI SAMEER POWER ELECTRIC VEHICLES PVT LTD,Sai Sameer Power Electric Vehicles,Sai Sameer Power Electric Vehicles
212,SBTEK E MOTO PVT LTD,Sbtek E Moto,Sbtek E Moto
213,SEEKA E MOTORS PVT LTD,Seeka E Motors,Seeka E Motors
214,SHEMA E- VEHCILE & SOLAR PVT LTD,Shema E- Vehcile & Solar,Shema E- Vehcile & Solar
215,SIMPLEENERGY PVT LTD,Simpleenergy,Simpleenergy
216,SMAP VEHICLES (IMPORTER: ELEGO MOTORS),Smap Vehicles (Importer: Elego Motors),Smap Vehicles (Importer: Elego Motors)
217,SMARDA INDUSTRY (IMPORTER: RHYNO),Smarda Industry (Importer: Rhyno),Smarda Industry (Importer: Rhyno)
218,SOKUDO ELECTRIC INDIA PVT LTD,Sokudo Electric India,Sokudo Electric India
219,SRIVARU MOTORS PVT LTD,Srivaru Motors,Srivaru Motors
220,SRIVIJAY E-VEHICLES PVT LTD,Srivijay E-Vehicles,Srivijay E-Vehicles
221,SUMEC CO LTD (IMPORTER: ROUTE & MARS EV LLP),Sumec Co (Importer: Route & Mars Ev ),Sumec Co (Importer: Route & Mars Ev )
222,SUPERECO AUTOMOTIVE CO,Supereco Automotive Co,Supereco Automotive Co
223,SUPERECO AUTOMOTIVE CO LLP,Supereco Automotive Co,Supereco Automotive Co
224,SUPERTECH EV LIMITED,Supertech Ev,Supertech Ev
225,SUREJA AUTO INDUSTRIES,Sureja Auto Industries,Sureja Auto Industries
226,SUZUKI MOTORCYCLE INDIA PVT LTD,Suzuki,Suzuki
227,SVITCH MOTOCORP PVT LTD,Svitch Motocorp,Svitch Motocorp
228,TAIZHOU CITY (IMPORTER: NXTMOBILITY ENERGY),Taizhou City (Importer: Nxtmobility Energy),Taizhou City (Importer: Nxtmobility Energy)
229,THUKRAL ELECTRIC BIKES PVT LTD,Thukral Electric Bikes,Thukral Electric Bikes
230,TORK MOTORS PVT LTD,Tork Motors,Tork Motors
231,TUNWAL E MOTORS PVT LTD,Tunwal E Motors,Tunwal E Motors
232,TVS MOTOR COMPANY LTD,TVS Motor,TVS Motor
233,TYST DRIVE INDIA PVT LTD,Tyst Drive India,Tyst Drive India
234,UK MODEN (IMPORTER: ELTHOR EV PVT LTD),Uk Moden (Importer: Elthor Ev ),Uk Moden (Importer: Elthor Ev )
235,ULTRAVIOLETTE AUTOMOTIVE PVT LTD,Ultraviolette Automotive,Ultraviolette Automotive
236,VARCAS AUTOMOBILES PVT LTD,Varcas Automobiles,Varcas Automobiles
237,VELOCIFERO (IMPORTER: KAWVELOCE MOTORS PVT LTD),Velocifero (Importer: Kawveloce Motors ),Velocifero (Importer: Kawveloce Motors )
238,VINTAGE VEHICLES,Vintage Vehicles,Vintage Vehicles
239,WARDWIZARD INNOVATIONS & MOBILITY LIMITED,Wardwizard Innovations & Mobility,Wardwizard Innovations & Mobility
240,WARIVO MOTOR INDIA PVT LTD,Warivo Motor India,Warivo Motor India
241,WHITE CARBON MOTORS PVT LTD,White Carbon Motors,White Carbon Motors
242,WUXI DAYANG (IMPORTER: MOVAENERGY PRIVATE LIMITED),Wuxi Dayang (Importer: Movaenergy ),Wuxi Dayang (Importer: Movaenergy )
243,WUXI DAYANG ELECTRIC (IMPORTER: ABZO MOTORS),Wuxi Dayang Electric (Importer: Abzo Motors),Wuxi Dayang Electric (Importer: Abzo Motors)
244,WUXI DONGMA (IMPORTER: DYNAM PRECISION),Wuxi Dongma (Importer: Dynam Precision),Wuxi Dongma (Importer: Dynam Precision)
245,WUXI JIYAYI (IMPORTER: IZANAU ELECTRIC LLP),Wuxi Jiyayi (Importer: Izanau Electric ),Wuxi Jiyayi (Importer: Izanau Electric )
246,WUXI MAYA (IMPORTER: DYNAMO ELECTRIC P. LTD.),Wuxi Maya (Importer: Dynamo Electric P. ),Wuxi Maya (Importer: Dynamo Electric P. )
247,WUXI MDKA NEW ENERGY (IMPORTER: HESTUR ENERGY),Wuxi Mdka New Energy (Importer: Hestur Energy),Wuxi Mdka New Energy (Importer: Hestur Energy)
248,WUXI NOOMA (IMPORTER: KKL HITECH EV),Wuxi Nooma (Importer: Kkl Hitech Ev),Wuxi Nooma (Importer: Kkl Hitech Ev)
249,WUXI NOOMA (IMPORTER: SMARTNK ELECTRIC VEHICLE),Wuxi Nooma (Importer: Smartnk Electric Vehicle),Wuxi Nooma (Importer: Smartnk Electric Vehicle)
250,WUXI SAIGE (IMPORTER: CITIZEN CARE),Wuxi Saige (Importer: Citizen Care),Wuxi Saige (Importer: Citizen Care)
251,WUXI SAIGE (IMPORTER: DM GREEN ENERGY),Wuxi Saige (Importer: Dm Green Energy),Wuxi Saige (Importer: Dm Green Energy)
252,WUXI SAIGE (IMPORTER: E-VISHWA ELECTOBIKE),Wuxi Saige (Importer: E-Vishwa Electobike),Wuxi Saige (Importer: E-Vishwa Electobike)
253,WUXI SAIGE (IMPORTER: ELECTRO-TECH),Wuxi Saige (Importer: Electro-Tech),Wuxi Saige (Importer: Electro-Tech)
254,WUXI SAIGE (IMPORTER: KKL HITECH EV),Wuxi Saige (Importer: Kkl Hitech Ev),Wuxi Saige (Importer: Kkl Hitech Ev)
255,WUXI SAIGE (IMPORTER: NGAGE IMPEX),Wuxi Saige (Importer: Ngage Impex),Wuxi Saige (Importer: Ngage Impex)
256,WUXI SAIGE (IMPORTER: WARIVO MOTOR),Wuxi Saige (Importer: Warivo Motor),Wuxi Saige (Importer: Warivo Motor)
257,WUXI SAIGE (IMPORTER: ZELIO AUTO PVT.LTD.),Wuxi Saige (Importer: Zelio Auto ),Wuxi Saige (Importer: Zelio Auto )
258,WUXI SAIGE ELECTRIC (IMPORTER: DELTA AUTOCORP LLP),Wuxi Saige Electric (Importer: Delta Autocorp ),Wuxi Saige Electric (Importer: Delta Autocorp )
259,WUXI SAIGE ELECTRIC (IMPORTER: GLORIOUS DIGITAL),Wuxi Saige Electric (Importer: Glorious Digital),Wuxi Saige Electric (Importer: Glorious Digital)
260,WUXI SHENGBAO (IMPORTER:ELECTRIC ONE ENERGY),Wuxi Shengbao (Importer:Electric One Energy),Wuxi Shengbao (Importer:Electric One Energy)
261,WUXI SHENGBAO (IMPORTER:SHEMA E-VEHICLE),Wuxi Shengbao (Importer:Shema E-Vehicle),Wuxi Shengbao (Importer:Shema E-Vehicle)
262,WUXI TENGHUI (IMPORTER: BOHRE ELECTRIC),Wuxi Tenghui (Importer: Bohre Electric),Wuxi Tenghui (Importer: Bohre Electric)
263,WUXI TENGHUI (IMPORTER: CAL-ON INDUSTRIES),Wuxi Tenghui (Importer: Cal-On Industries),Wuxi Tenghui (Importer: Cal-On Industries)
264,WUXI TENGHUI (IMPORTER: FEZORA INDIA),Wuxi Tenghui (Importer: Fezora India),Wuxi Tenghui (Importer: Fezora India)
265,WUXI TENGHUI (IMPORTER: FLYCON MOTORS),Wuxi Tenghui (Importer: Flycon Motors),Wuxi Tenghui (Importer: Flycon Motors)
266,WUXI TENGHUI (IMPORTER: FRANKLIN EV INDIA),Wuxi Tenghui (Importer: Franklin Ev India),Wuxi Tenghui (Importer: Franklin Ev India)
267,WUXI TENGHUI (IMPORTER: HOP ELECTRIC MOBILITY),Wuxi Tenghui (Importer: Hop Electric Mobility),Wuxi Tenghui (Importer: Hop Electric Mobility)
268,WUXI TENGHUI (IMPORTER: JAIDKA POWER),Wuxi Tenghui (Importer: Jaidka Power),Wuxi Tenghui (Importer: Jaidka Power)
269,WUXI TENGHUI (IMPORTER: JOZHI SERVICES),Wuxi Tenghui (Importer: Jozhi Services),Wuxi Tenghui (Importer: Jozhi Services)
270,WUXI TENGHUI (IMPORTER: NXTMOBILITY ENERGY),Wuxi Tenghui (Importer: Nxtmobility Energy),Wuxi Tenghui (Importer: Nxtmobility Energy)
271,WUXI TENGHUI (IMPORTER: RADHA MOBILITIES LLP),Wuxi Tenghui (Importer: Radha Mobilities ),Wuxi Tenghui (Importer: Radha Mobilities )
272,WUXI TENGHUI (IMPORTER: RAFT MOTORS LIMITED),Wuxi Tenghui (Importer: Raft Motors ),Wuxi Tenghui (Importer: Raft Motors )
273,WUXI TENGHUI (IMPORTER: REMARK ELECTRIC),Wuxi Tenghui (Importer: Remark Electric),Wuxi Tenghui (Importer: Remark Electric)
274,WUXI TENGHUI (IMPORTER: SEEKA E MOTORS),Wuxi Tenghui (Importer: Seeka E Motors),Wuxi Tenghui (Importer: Seeka E Motors)
275,WUXI TENGHUI (IMPORTER: SUSHAMA MOTORS),Wuxi Tenghui (Importer: Sushama Motors),Wuxi Tenghui (Importer: Sushama Motors)
276,WUXI TENGHUI INTERNATIONAL (IMPORTER: FEZORA),Wuxi Tenghui International (Importer: Fezora),Wuxi Tenghui International (Importer: Fezora)
277,WUXI TENGHUI INTERNATIONAL (IMPORTER: FRANKLIN EV),Wuxi Tenghui International (Importer: Franklin Ev),Wuxi Tenghui International (Importer: Franklin Ev)
278,WUXI TOURWE (IMPORTER: GOREEN E-MOBILITY),Wuxi Tourwe (Importer: Goreen E-Mobility),Wuxi Tourwe (Importer: Goreen E-Mobility)
279,WUXI YIZHILING (IMPORTER: BMR EV INDUSTRIES),Wuxi Yizhiling (Importer: Bmr Ev Industries),Wuxi Yizhiling (Importer: Bmr Ev Industries)
280,WUXI YIZHILING (IMPORTER: HOMFEEL VEGH),Wuxi Yizhiling (Importer: Homfeel Vegh),Wuxi Yizhiling (Importer: Homfeel Vegh)
281,XIDAA MOTO PVT LTD,Xidaa Moto,Xidaa Moto
282,YADEA TECHNOLOGY (IMPORTER: YULU BIKES),Yadea Technology (Importer: Yulu Bikes),Yadea Technology (Importer: Yulu Bikes)
283,YANGGUANG LINGMU (IMPORTER: DAWNGATE BUSINESS),Yangguang Lingmu (Importer: Dawngate Business),Yangguang Lingmu (Importer: Dawngate Business)
284,YANGGUANG LINGMU (IMPORTER: DURGA FILTERS),Yangguang Lingmu (Importer: Durga Filters),Yangguang Lingmu (Importer: Durga Filters)
285,YANGGUANG LINGMU (IMPORTER: ECOINDIA),Yangguang Lingmu (Importer: Ecoindia),Yangguang Lingmu (Importer: Ecoindia)
286,YANGGUANG LINGMU (IMPORTER: FLYCON MOTORS),Yangguang Lingmu (Importer: Flycon Motors),Yangguang Lingmu (Importer: Flycon Motors)
287,YANGGUANG LINGMU (IMPORTER: REMARK ELECTRIC),Yangguang Lingmu (Importer: Remark Electric),Yangguang Lingmu (Importer: Remark Electric)
288,YANGGUANG LINGMU (IMPORTER: XWLS ELECTRIC),Yangguang Lingmu (Importer: Xwls Electric),Yangguang Lingmu (Importer: Xwls Electric)
289,YOUYAKU ELECTRIC (IMPORTER: HAYASA E-MOBILITY),Youyaku Electric (Importer: Hayasa E-Mobility),Youyaku Electric (Importer: Hayasa E-Mobility)
290,YOUYAKU ELECTRIC (IMPORTER: HOUSTAN INNOVATION),Youyaku Electric (Importer: Houstan Innovation),Youyaku Electric (Importer: Houstan Innovation)
291,YOUYAKU ELECTRIC (IMPORTER: POWORO PVT LTD),Youyaku Electric (Importer: Poworo ),Youyaku Electric (Importer: Poworo )
292,YOUYAKU ELECTRIC (IMPORTER: SASDAL ENTERPRISES),Youyaku Electric (Importer: Sasdal Enterprises),Youyaku Electric (Importer: Sasdal Enterprises)
293,YOUYAKU ELECTRIC (IMPORTER: SHEMA E-VEHICLE),Youyaku Electric (Importer: Shema E-Vehicle),Youyaku Electric (Importer: Shema E-Vehicle)
294,YOUYAKU ELECTRIC (IMPORTER: SMOBILITY EV),Youyaku Electric (Importer: Smobility Ev),Youyaku Electric (Importer: Smobility Ev)
295,YOUYAKU ELECTRIC (IMPORTER: TES ELECTRIC),Youyaku Electric (Importer: Tes Electric),Youyaku Electric (Importer: Tes Electric)
296,YOUYAKU ELECTRIC (IMPORTER: TVISI ELECTRIC),Youyaku Electric (Importer: Tvisi Electric),Youyaku Electric (Importer: Tvisi Electric)
297,YOUYAKU ELECTRIC (IMPORTER:IME VEHICLES PVT LTD),Youyaku Electric (Importer:Ime Vehicles ),Youyaku Electric (Importer:Ime Vehicles )
298,YOUYAKU ELECTRIC (IMPORTER:KRISHIKA EV INDIA),Youyaku Electric (Importer:Krishika Ev India),Youyaku Electric (Importer:Krishika Ev India)
299,YOUYAKU ELECTRIC (IMPORTER:NEWTRON ELECTRIC),Youyaku Electric (Importer:Newtron Electric),Youyaku Electric (Importer:Newtron Electric)
300,YOUYAKU ELECTRIC (IMPORTER:ONZO EV),Youyaku Electric (Importer:Onzo Ev),Youyaku Electric (Importer:Onzo Ev)
301,YOUYAKU ELECTRIC (IMPORTER:RIVALDO ELECTRIC),Youyaku Electric (Importer:Rivaldo Electric),Youyaku Electric (Importer:Rivaldo Electric)
302,YOUYAKU ELECTRIC TECHNOLOGY (IMPORTER:JHEV MOTORS),Youyaku Electric Technology (Importer:Jhev Motors),Youyaku Electric Technology (Importer:Jhev Motors)
303,ZAP (HK) (IMPORTER: IZANAU ELECTRIC),Zap (Hk) (Importer: Izanau Electric),Zap (Hk) (Importer: Izanau Electric)
304,ZAP (IMPORTER:ELLYSIUM AUTOMOTIVES PVT LTD),Zap (Importer:Ellysium Automotives ),Zap (Importer:Ellysium Automotives )
305,ZELIO E-MOBILITY LTD,Zelio E-Mobility,Zelio E-Mobility
306,ZENIAK INNOVATION INDIA LTD,Zeniak Innovation India,Zeniak Innovation India
307,ZHEJIANG LUYUAN (IMPORTER: DYNAM EV TECH),Zhejiang Luyuan (Importer: Dynam Ev Tech),Zhejiang Luyuan (Importer: Dynam Ev Tech)
308,ZHEJIANG TIANBEN (IMPORTER: SLSR ELECTRO),Zhejiang Tianben (Importer: Slsr Electro),Zhejiang Tianben (Importer: Slsr Electro)
309,ZHEJIANG TIANYING (IMPORTER: NEWTRON ELECTRIC),Zhejiang Tianying (Importer: Newtron Electric),Zhejiang Tianying (Importer: Newtron Electric)
310,ZHEJIANG ZUBOO (IMPORTER: KLCS MOTORS PVT LTD),Zhejiang Zuboo (Importer: Klcs Motors ),Zhejiang Zuboo (Importer: Klcs Motors )
311,ZHONGHUALONG (IMPORTER: POWORO PVT LTD),Zhonghualong (Importer: Poworo ),Zhonghualong (Importer: Poworo )
312,ZHONGXING (IMPORTER:GREENO AUTOMOBILE),Zhongxing (Importer:Greeno Automobile),Zhongxing (Importer:Greeno Automobile)
