date_key,month_start,calendar_year,month_no,month_name,fy,fy_start_year,fy_quarter,fy_month_no,is_festive
202301,2023-01-01,2023,1,Jan,FY2022-23,2022,Q4,10,False
202302,2023-02-01,2023,2,Feb,FY2022-23,2022,Q4,11,False
202303,2023-03-01,2023,3,Mar,FY2022-23,2022,Q4,12,False
202304,2023-04-01,2023,4,Apr,FY2023-24,2023,Q1,1,False
202305,2023-05-01,2023,5,May,FY2023-24,2023,Q1,2,False
202306,2023-06-01,2023,6,Jun,FY2023-24,2023,Q1,3,False
202307,2023-07-01,2023,7,Jul,FY2023-24,2023,Q2,4,False
202308,2023-08-01,2023,8,Aug,FY2023-24,2023,Q2,5,False
202309,2023-09-01,2023,9,Sep,FY2023-24,2023,Q2,6,True
202310,2023-10-01,2023,10,Oct,FY2023-24,2023,Q3,7,True
202311,2023-11-01,2023,11,Nov,FY2023-24,2023,Q3,8,True
202312,2023-12-01,2023,12,Dec,FY2023-24,2023,Q3,9,False
202401,2024-01-01,2024,1,Jan,FY2023-24,2023,Q4,10,False
202402,2024-02-01,2024,2,Feb,FY2023-24,2023,Q4,11,False
202403,2024-03-01,2024,3,Mar,FY2023-24,2023,Q4,12,False
202404,2024-04-01,2024,4,Apr,FY2024-25,2024,Q1,1,False
202405,2024-05-01,2024,5,May,FY2024-25,2024,Q1,2,False
202406,2024-06-01,2024,6,Jun,FY2024-25,2024,Q1,3,False
202407,2024-07-01,2024,7,Jul,FY2024-25,2024,Q2,4,False
202408,2024-08-01,2024,8,Aug,FY2024-25,2024,Q2,5,False
202409,2024-09-01,2024,9,Sep,FY2024-25,2024,Q2,6,True
202410,2024-10-01,2024,10,Oct,FY2024-25,2024,Q3,7,True
202411,2024-11-01,2024,11,Nov,FY2024-25,2024,Q3,8,True
202412,2024-12-01,2024,12,Dec,FY2024-25,2024,Q3,9,False
202501,2025-01-01,2025,1,Jan,FY2024-25,2024,Q4,10,False
202502,2025-02-01,2025,2,Feb,FY2024-25,2024,Q4,11,False
202503,2025-03-01,2025,3,Mar,FY2024-25,2024,Q4,12,False
202504,2025-04-01,2025,4,Apr,FY2025-26,2025,Q1,1,False
202505,2025-05-01,2025,5,May,FY2025-26,2025,Q1,2,False
202506,2025-06-01,2025,6,Jun,FY2025-26,2025,Q1,3,False
202507,2025-07-01,2025,7,Jul,FY2025-26,2025,Q2,4,False
202508,2025-08-01,2025,8,Aug,FY2025-26,2025,Q2,5,False
202509,2025-09-01,2025,9,Sep,FY2025-26,2025,Q2,6,True
202510,2025-10-01,2025,10,Oct,FY2025-26,2025,Q3,7,True
202511,2025-11-01,2025,11,Nov,FY2025-26,2025,Q3,8,True
202512,2025-12-01,2025,12,Dec,FY2025-26,2025,Q3,9,False
202601,2026-01-01,2026,1,Jan,FY2025-26,2025,Q4,10,False
202602,2026-02-01,2026,2,Feb,FY2025-26,2025,Q4,11,False
202603,2026-03-01,2026,3,Mar,FY2025-26,2025,Q4,12,False
202604,2026-04-01,2026,4,Apr,FY2026-27,2026,Q1,1,False
202605,2026-05-01,2026,5,May,FY2026-27,2026,Q1,2,False
202606,2026-06-01,2026,6,Jun,FY2026-27,2026,Q1,3,False
202607,2026-07-01,2026,7,Jul,FY2026-27,2026,Q2,4,False
202608,2026-08-01,2026,8,Aug,FY2026-27,2026,Q2,5,False
