date_key,state_key,fuel_key,vehicle_category_key,registrations
202301,1,1,1,0
202302,1,1,1,0
202303,1,1,1,1
202304,1,1,1,0
202305,1,1,1,0
202306,1,1,1,0
202307,1,1,1,0
202308,1,1,1,0
202309,1,1,1,0
202310,1,1,1,1
202311,1,1,1,3
202312,1,1,1,7
202301,2,1,1,2683
202302,2,1,1,2909
202303,2,1,1,3521
202304,2,1,1,3529
202305,2,1,1,4396
202306,2,1,1,1026
202307,2,1,1,1370
202308,2,1,1,1576
202309,2,1,1,1400
202310,2,1,1,1759
202311,2,1,1,2002
202312,2,1,1,2376
202301,3,1,1,0
202302,3,1,1,0
202303,3,1,1,0
202304,3,1,1,0
202305,3,1,1,1
202306,3,1,1,0
202307,3,1,1,0
202308,3,1,1,0
202309,3,1,1,0
202310,3,1,1,0
202311,3,1,1,0
202312,3,1,1,2
202301,4,1,1,142
202302,4,1,1,188
202303,4,1,1,221
202304,4,1,1,178
202305,4,1,1,281
202306,4,1,1,177
202307,4,1,1,168
202308,4,1,1,147
202309,4,1,1,257
202310,4,1,1,245
202311,4,1,1,244
202312,4,1,1,204
202301,5,1,1,989
202302,5,1,1,911
202303,5,1,1,1303
202304,5,1,1,972
202305,5,1,1,1539
202306,5,1,1,520
202307,5,1,1,614
202308,5,1,1,713
202309,5,1,1,902
202310,5,1,1,824
202311,5,1,1,1767
202312,5,1,1,1356
202301,6,1,1,173
202302,6,1,1,216
202303,6,1,1,358
202304,6,1,1,126
202305,6,1,1,207
202306,6,1,1,134
202307,6,1,1,132
202308,6,1,1,121
202309,6,1,1,134
202310,6,1,1,157
202311,6,1,1,241
202312,6,1,1,137
202301,7,1,1,1922
202302,7,1,1,1875
202303,7,1,1,2190
202304,7,1,1,1560
202305,7,1,1,2520
202306,7,1,1,1261
202307,7,1,1,1603
202308,7,1,1,2112
202309,7,1,1,2200
202310,7,1,1,2235
202311,7,1,1,3952
202312,7,1,1,1891
202301,9,1,1,3281
202302,9,1,1,2798
202303,9,1,1,3780
202304,9,1,1,2737
202305,9,1,1,4973
202306,9,1,1,1788
202307,9,1,1,2072
202308,9,1,1,2123
202309,9,1,1,2007
202310,9,1,1,2620
202311,9,1,1,3996
202312,9,1,1,5389
202301,10,1,1,662
202302,10,1,1,627
202303,10,1,1,839
202304,10,1,1,698
202305,10,1,1,872
202306,10,1,1,535
202307,10,1,1,562
202308,10,1,1,694
202309,10,1,1,563
202310,10,1,1,568
202311,10,1,1,986
202312,10,1,1,799
202301,11,1,1,5874
202302,11,1,1,6757
202303,11,1,1,7799
202304,11,1,1,8269
202305,11,1,1,9608
202306,11,1,1,4020
202307,11,1,1,5300
202308,11,1,1,5754
202309,11,1,1,7209
202310,11,1,1,8415
202311,11,1,1,5424
202312,11,1,1,4082
202301,12,1,1,706
202302,12,1,1,703
202303,12,1,1,717
202304,12,1,1,802
202305,12,1,1,1059
202306,12,1,1,410
202307,12,1,1,152
202308,12,1,1,403
202309,12,1,1,322
202310,12,1,1,592
202311,12,1,1,566
202312,12,1,1,1020
202301,13,1,1,78
202302,13,1,1,66
202303,13,1,1,93
202304,13,1,1,96
202305,13,1,1,118
202306,13,1,1,59
202307,13,1,1,41
202308,13,1,1,64
202309,13,1,1,68
202310,13,1,1,53
202311,13,1,1,53
202312,13,1,1,102
202301,14,1,1,115
202302,14,1,1,146
202303,14,1,1,198
202304,14,1,1,212
202305,14,1,1,258
202306,14,1,1,166
202307,14,1,1,117
202308,14,1,1,98
202309,14,1,1,113
202310,14,1,1,138
202311,14,1,1,174
202312,14,1,1,99
202301,15,1,1,655
202302,15,1,1,652
202303,15,1,1,797
202304,15,1,1,682
202305,15,1,1,839
202306,15,1,1,390
202307,15,1,1,448
202308,15,1,1,456
202309,15,1,1,523
202310,15,1,1,505
202311,15,1,1,830
202312,15,1,1,634
202301,16,1,1,9970
202302,16,1,1,10278
202303,16,1,1,13075
202304,16,1,1,9730
202305,16,1,1,17399
202306,16,1,1,7853
202307,16,1,1,9793
202308,16,1,1,9846
202309,16,1,1,10719
202310,16,1,1,11317
202311,16,1,1,14591
202312,16,1,1,10377
202301,17,1,1,4671
202302,17,1,1,5561
202303,17,1,1,6776
202304,17,1,1,4664
202305,17,1,1,7395
202306,17,1,1,4037
202307,17,1,1,3980
202308,17,1,1,4826
202309,17,1,1,4474
202310,17,1,1,5087
202311,17,1,1,5421
202312,17,1,1,4912
202301,18,1,1,1
202302,18,1,1,0
202303,18,1,1,0
202304,18,1,1,0
202305,18,1,1,14
202306,18,1,1,2
202307,18,1,1,1
202308,18,1,1,0
202309,18,1,1,0
202310,18,1,1,0
202311,18,1,1,0
202312,18,1,1,0
202301,19,1,1,1
202302,19,1,1,0
202303,19,1,1,0
202304,19,1,1,0
202305,19,1,1,0
202306,19,1,1,0
202307,19,1,1,0
202308,19,1,1,1
202309,19,1,1,0
202310,19,1,1,0
202311,19,1,1,0
202312,19,1,1,1
202301,20,1,1,2446
202302,20,1,1,2360
202303,20,1,1,3230
202304,20,1,1,1967
202305,20,1,1,3970
202306,20,1,1,1711
202307,20,1,1,2020
202308,20,1,1,3967
202309,20,1,1,3357
202310,20,1,1,3369
202311,20,1,1,5015
202312,20,1,1,3414
202301,21,1,1,13808
202302,21,1,1,12068
202303,21,1,1,17078
202304,21,1,1,12260
202305,21,1,1,20589
202306,21,1,1,8454
202307,21,1,1,9867
202308,21,1,1,12045
202309,21,1,1,12461
202310,21,1,1,15783
202311,21,1,1,19087
202312,21,1,1,14528
202301,22,1,1,7
202302,22,1,1,14
202303,22,1,1,3
202304,22,1,1,15
202305,22,1,1,10
202306,22,1,1,4
202307,22,1,1,6
202308,22,1,1,8
202309,22,1,1,0
202310,22,1,1,6
202311,22,1,1,10
202312,22,1,1,6
202301,23,1,1,4
202302,23,1,1,4
202303,23,1,1,1
202304,23,1,1,3
202305,23,1,1,7
202306,23,1,1,1
202307,23,1,1,20
202308,23,1,1,15
202309,23,1,1,11
202310,23,1,1,1
202311,23,1,1,6
202312,23,1,1,1
202301,24,1,1,10
202302,24,1,1,10
202303,24,1,1,10
202304,24,1,1,8
202305,24,1,1,15
202306,24,1,1,4
202307,24,1,1,6
202308,24,1,1,4
202309,24,1,1,6
202310,24,1,1,36
202311,24,1,1,35
202312,24,1,1,24
202301,25,1,1,0
202302,25,1,1,0
202303,25,1,1,0
202304,25,1,1,0
202305,25,1,1,0
202306,25,1,1,0
202307,25,1,1,1
202308,25,1,1,0
202309,25,1,1,1
202310,25,1,1,0
202311,25,1,1,1
202312,25,1,1,0
202301,26,1,1,2532
202302,26,1,1,2551
202303,26,1,1,3269
202304,26,1,1,2848
202305,26,1,1,3726
202306,26,1,1,2131
202307,26,1,1,2805
202308,26,1,1,2737
202309,26,1,1,3052
202310,26,1,1,3972
202311,26,1,1,4344
202312,26,1,1,4383
202301,27,1,1,196
202302,27,1,1,177
202303,27,1,1,261
202304,27,1,1,157
202305,27,1,1,382
202306,27,1,1,140
202307,27,1,1,189
202308,27,1,1,197
202309,27,1,1,136
202310,27,1,1,197
202311,27,1,1,194
202312,27,1,1,224
202301,28,1,1,590
202302,28,1,1,610
202303,28,1,1,806
202304,28,1,1,377
202305,28,1,1,1181
202306,28,1,1,536
202307,28,1,1,446
202308,28,1,1,645
202309,28,1,1,677
202310,28,1,1,760
202311,28,1,1,1185
202312,28,1,1,948
202301,29,1,1,4625
202302,29,1,1,4661
202303,29,1,1,6375
202304,29,1,1,3914
202305,29,1,1,6914
202306,29,1,1,3261
202307,29,1,1,3763
202308,29,1,1,4313
202309,29,1,1,4338
202310,29,1,1,4915
202311,29,1,1,7742
202312,29,1,1,4673
202301,30,1,1,0
202302,30,1,1,0
202303,30,1,1,0
202304,30,1,1,0
202305,30,1,1,0
202306,30,1,1,0
202307,30,1,1,0
202308,30,1,1,0
202309,30,1,1,0
202310,30,1,1,0
202311,30,1,1,0
202312,30,1,1,0
202301,31,1,1,5509
202302,31,1,1,6701
202303,31,1,1,8387
202304,31,1,1,6509
202305,31,1,1,10332
202306,31,1,1,4718
202307,31,1,1,5839
202308,31,1,1,6246
202309,31,1,1,5178
202310,31,1,1,6509
202311,31,1,1,7096
202312,31,1,1,5403
202301,32,1,1,3125
202302,32,1,1,3088
202303,32,1,1,3259
202304,32,1,1,3369
202305,32,1,1,5794
202306,32,1,1,1821
202307,32,1,1,2685
202308,32,1,1,3111
202309,32,1,1,2941
202310,32,1,1,3061
202311,32,1,1,4119
202312,32,1,1,4991
202301,33,1,1,8
202302,33,1,1,20
202303,33,1,1,23
202304,33,1,1,19
202305,33,1,1,65
202306,33,1,1,8
202307,33,1,1,6
202308,33,1,1,33
202309,33,1,1,17
202310,33,1,1,6
202311,33,1,1,11
202312,33,1,1,40
202301,8,1,1,9
202302,8,1,1,16
202303,8,1,1,5
202304,8,1,1,5
202305,8,1,1,4
202306,8,1,1,5
202307,8,1,1,5
202308,8,1,1,6
202309,8,1,1,13
202310,8,1,1,4
202311,8,1,1,15
202312,8,1,1,13
202301,35,1,1,448
202302,35,1,1,426
202303,35,1,1,587
202304,35,1,1,524
202305,35,1,1,683
202306,35,1,1,325
202307,35,1,1,407
202308,35,1,1,364
202309,35,1,1,261
202310,35,1,1,382
202311,35,1,1,626
202312,35,1,1,656
202301,34,1,1,1955
202302,34,1,1,1973
202303,34,1,1,3564
202304,34,1,1,3104
202305,34,1,1,4744
202306,34,1,1,1969
202307,34,1,1,2375
202308,34,1,1,2755
202309,34,1,1,3200
202310,34,1,1,3868
202311,34,1,1,5509
202312,34,1,1,5624
202301,36,1,1,634
202302,36,1,1,815
202303,36,1,1,1104
202304,36,1,1,917
202305,36,1,1,1487
202306,36,1,1,464
202307,36,1,1,508
202308,36,1,1,513
202309,36,1,1,489
202310,36,1,1,852
202311,36,1,1,1006
202312,36,1,1,2626
202401,1,1,1,2
202402,1,1,1,5
202403,1,1,1,2
202404,1,1,1,11
202405,1,1,1,2
202406,1,1,1,1
202407,1,1,1,3
202408,1,1,1,5
202409,1,1,1,2
202410,1,1,1,7
202411,1,1,1,5
202412,1,1,1,1
202401,2,1,1,2138
202402,2,1,1,2829
202403,2,1,1,7061
202404,2,1,1,2906
202405,2,1,1,5825
202406,2,1,1,4482
202407,2,1,1,4653
202408,2,1,1,2864
202409,2,1,1,2777
202410,2,1,1,4433
202411,2,1,1,5855
202412,2,1,1,2935
202401,3,1,1,0
202402,3,1,1,0
202403,3,1,1,0
202404,3,1,1,1
202405,3,1,1,0
202406,3,1,1,1
202407,3,1,1,1
202408,3,1,1,0
202409,3,1,1,4
202410,3,1,1,4
202411,3,1,1,4
202412,3,1,1,0
202401,4,1,1,253
202402,4,1,1,247
202403,4,1,1,1267
202404,4,1,1,274
202405,4,1,1,282
202406,4,1,1,282
202407,4,1,1,327
202408,4,1,1,286
202409,4,1,1,314
202410,4,1,1,338
202411,4,1,1,320
202412,4,1,1,205
202401,5,1,1,1289
202402,5,1,1,1305
202403,5,1,1,2585
202404,5,1,1,1408
202405,5,1,1,1688
202406,5,1,1,1787
202407,5,1,1,1906
202408,5,1,1,1660
202409,5,1,1,1723
202410,5,1,1,2516
202411,5,1,1,2780
202412,5,1,1,1497
202401,6,1,1,118
202402,6,1,1,126
202403,6,1,1,216
202404,6,1,1,102
202405,6,1,1,119
202406,6,1,1,116
202407,6,1,1,156
202408,6,1,1,145
202409,6,1,1,106
202410,6,1,1,240
202411,6,1,1,223
202412,6,1,1,108
202401,7,1,1,2422
202402,7,1,1,2236
202403,7,1,1,3668
202404,7,1,1,1863
202405,7,1,1,1863
202406,7,1,1,2385
202407,7,1,1,3086
202408,7,1,1,2959
202409,7,1,1,2192
202410,7,1,1,5138
202411,7,1,1,3523
202412,7,1,1,1837
202401,9,1,1,3151
202402,9,1,1,2376
202403,9,1,1,5024
202404,9,1,1,2780
202405,9,1,1,2275
202406,9,1,1,2366
202407,9,1,1,4641
202408,9,1,1,2585
202409,9,1,1,1410
202410,9,1,1,2130
202411,9,1,1,1846
202412,9,1,1,943
202401,10,1,1,836
202402,10,1,1,994
202403,10,1,1,1785
202404,10,1,1,853
202405,10,1,1,787
202406,10,1,1,684
202407,10,1,1,657
202408,10,1,1,542
202409,10,1,1,1066
202410,10,1,1,942
202411,10,1,1,442
202412,10,1,1,518
202401,11,1,1,5424
202402,11,1,1,5105
202403,11,1,1,8495
202404,11,1,1,3789
202405,11,1,1,4657
202406,11,1,1,5083
202407,11,1,1,7578
202408,11,1,1,4854
202409,11,1,1,4587
202410,11,1,1,8027
202411,11,1,1,4102
202412,11,1,1,3388
202401,12,1,1,1259
202402,12,1,1,1075
202403,12,1,1,1391
202404,12,1,1,1043
202405,12,1,1,1012
202406,12,1,1,1293
202407,12,1,1,1215
202408,12,1,1,2438
202409,12,1,1,1892
202410,12,1,1,3131
202411,12,1,1,2173
202412,12,1,1,1244
202401,13,1,1,81
202402,13,1,1,66
202403,13,1,1,91
202404,13,1,1,77
202405,13,1,1,110
202406,13,1,1,113
202407,13,1,1,139
202408,13,1,1,124
202409,13,1,1,115
202410,13,1,1,122
202411,13,1,1,134
202412,13,1,1,116
202401,14,1,1,221
202402,14,1,1,237
202403,14,1,1,299
202404,14,1,1,246
202405,14,1,1,74
202406,14,1,1,273
202407,14,1,1,337
202408,14,1,1,340
202409,14,1,1,263
202410,14,1,1,358
202411,14,1,1,242
202412,14,1,1,111
202401,15,1,1,552
202402,15,1,1,713
202403,15,1,1,826
202404,15,1,1,597
202405,15,1,1,741
202406,15,1,1,815
202407,15,1,1,1033
202408,15,1,1,743
202409,15,1,1,849
202410,15,1,1,1449
202411,15,1,1,1227
202412,15,1,1,791
202401,16,1,1,12661
202402,16,1,1,12812
202403,16,1,1,23099
202404,16,1,1,7642
202405,16,1,1,9820
202406,16,1,1,10738
202407,16,1,1,12965
202408,16,1,1,12358
202409,16,1,1,12761
202410,16,1,1,17711
202411,16,1,1,13993
202412,16,1,1,8967
202401,17,1,1,6523
202402,17,1,1,5461
202403,17,1,1,8432
202404,17,1,1,3433
202405,17,1,1,4927
202406,17,1,1,4268
202407,17,1,1,5136
202408,17,1,1,5552
202409,17,1,1,7129
202410,17,1,1,5710
202411,17,1,1,5874
202412,17,1,1,4436
202401,18,1,1,14
202402,18,1,1,0
202403,18,1,1,0
202404,18,1,1,0
202405,18,1,1,0
202406,18,1,1,0
202407,18,1,1,0
202408,18,1,1,0
202409,18,1,1,4
202410,18,1,1,0
202411,18,1,1,0
202412,18,1,1,0
202401,19,1,1,0
202402,19,1,1,0
202403,19,1,1,0
202404,19,1,1,0
202405,19,1,1,0
202406,19,1,1,0
202407,19,1,1,0
202408,19,1,1,0
202409,19,1,1,1
202410,19,1,1,1
202411,19,1,1,0
202412,19,1,1,1
202401,20,1,1,3775
202402,20,1,1,4088
202403,20,1,1,6717
202404,20,1,1,2858
202405,20,1,1,3606
202406,20,1,1,4191
202407,20,1,1,5729
202408,20,1,1,4538
202409,20,1,1,5052
202410,20,1,1,10610
202411,20,1,1,9908
202412,20,1,1,4828
202401,21,1,1,16504
202402,21,1,1,15415
202403,21,1,1,26959
202404,21,1,1,11999
202405,21,1,1,13199
202406,21,1,1,13056
202407,21,1,1,18079
202408,21,1,1,14618
202409,21,1,1,15895
202410,21,1,1,28370
202411,21,1,1,21022
202412,21,1,1,15055
202401,22,1,1,7
202402,22,1,1,3
202403,22,1,1,13
202404,22,1,1,0
202405,22,1,1,7
202406,22,1,1,16
202407,22,1,1,7
202408,22,1,1,7
202409,22,1,1,2
202410,22,1,1,8
202411,22,1,1,3
202412,22,1,1,3
202401,23,1,1,26
202402,23,1,1,11
202403,23,1,1,4
202404,23,1,1,4
202405,23,1,1,19
202406,23,1,1,20
202407,23,1,1,39
202408,23,1,1,7
202409,23,1,1,15
202410,23,1,1,13
202411,23,1,1,33
202412,23,1,1,18
202401,24,1,1,28
202402,24,1,1,51
202403,24,1,1,58
202404,24,1,1,23
202405,24,1,1,48
202406,24,1,1,57
202407,24,1,1,62
202408,24,1,1,34
202409,24,1,1,53
202410,24,1,1,49
202411,24,1,1,55
202412,24,1,1,40
202401,25,1,1,0
202402,25,1,1,0
202403,25,1,1,1
202404,25,1,1,0
202405,25,1,1,0
202406,25,1,1,0
202407,25,1,1,3
202408,25,1,1,1
202409,25,1,1,0
202410,25,1,1,1
202411,25,1,1,0
202412,25,1,1,1
202401,26,1,1,3884
202402,26,1,1,3732
202403,26,1,1,6923
202404,26,1,1,4053
202405,26,1,1,4708
202406,26,1,1,4087
202407,26,1,1,5411
202408,26,1,1,4575
202409,26,1,1,3663
202410,26,1,1,6877
202411,26,1,1,5353
202412,26,1,1,3038
202401,27,1,1,310
202402,27,1,1,384
202403,27,1,1,476
202404,27,1,1,255
202405,27,1,1,282
202406,27,1,1,275
202407,27,1,1,425
202408,27,1,1,317
202409,27,1,1,372
202410,27,1,1,378
202411,27,1,1,334
202412,27,1,1,239
202401,28,1,1,821
202402,28,1,1,1017
202403,28,1,1,1515
202404,28,1,1,1012
202405,28,1,1,1259
202406,28,1,1,1087
202407,28,1,1,1789
202408,28,1,1,2003
202409,28,1,1,1781
202410,28,1,1,2907
202411,28,1,1,2734
202412,28,1,1,1936
202401,29,1,1,4433
202402,29,1,1,5145
202403,29,1,1,9287
202404,29,1,1,4373
202405,29,1,1,4651
202406,29,1,1,5105
202407,29,1,1,7617
202408,29,1,1,5582
202409,29,1,1,5169
202410,29,1,1,11707
202411,29,1,1,9456
202412,29,1,1,4299
202401,30,1,1,0
202402,30,1,1,0
202403,30,1,1,0
202404,30,1,1,0
202405,30,1,1,1
202406,30,1,1,0
202407,30,1,1,0
202408,30,1,1,0
202409,30,1,1,0
202410,30,1,1,0
202411,30,1,1,0
202412,30,1,1,0
202401,31,1,1,7578
202402,31,1,1,8648
202403,31,1,1,13352
202404,31,1,1,6755
202405,31,1,1,7147
202406,31,1,1,8483
202407,31,1,1,12857
202408,31,1,1,9997
202409,31,1,1,11137
202410,31,1,1,10204
202411,31,1,1,11089
202412,31,1,1,7517
202401,32,1,1,4509
202402,32,1,1,6518
202403,32,1,1,9119
202404,32,1,1,1943
202405,32,1,1,4128
202406,32,1,1,5087
202407,32,1,1,8239
202408,32,1,1,4340
202409,32,1,1,5532
202410,32,1,1,4755
202411,32,1,1,6981
202412,32,1,1,4189
202401,33,1,1,3
202402,33,1,1,24
202403,33,1,1,41
202404,33,1,1,10
202405,33,1,1,24
202406,33,1,1,61
202407,33,1,1,62
202408,33,1,1,34
202409,33,1,1,57
202410,33,1,1,36
202411,33,1,1,50
202412,33,1,1,13
202401,8,1,1,31
202402,8,1,1,24
202403,8,1,1,25
202404,8,1,1,22
202405,8,1,1,20
202406,8,1,1,14
202407,8,1,1,32
202408,8,1,1,38
202409,8,1,1,14
202410,8,1,1,15
202411,8,1,1,14
202412,8,1,1,12
202401,35,1,1,381
202402,35,1,1,584
202403,35,1,1,580
202404,35,1,1,449
202405,35,1,1,610
202406,35,1,1,648
202407,35,1,1,671
202408,35,1,1,527
202409,35,1,1,971
202410,35,1,1,883
202411,35,1,1,1208
202412,35,1,1,736
202401,34,1,1,5792
202402,34,1,1,6692
202403,34,1,1,7996
202404,34,1,1,5234
202405,34,1,1,5871
202406,34,1,1,6346
202407,34,1,1,8449
202408,34,1,1,7488
202409,34,1,1,7058
202410,34,1,1,13632
202411,34,1,1,13786
202412,34,1,1,7287
202401,36,1,1,1636
202402,36,1,1,1341
202403,36,1,1,2163
202404,36,1,1,1485
202405,36,1,1,1702
202406,36,1,1,1871
202407,36,1,1,2592
202408,36,1,1,1862
202409,36,1,1,2117
202410,36,1,1,2284
202411,36,1,1,2214
202412,36,1,1,1646
202501,1,1,1,2
202502,1,1,1,1
202503,1,1,1,12
202504,1,1,1,3
202505,1,1,1,6
202506,1,1,1,5
202507,1,1,1,14
202508,1,1,1,8
202509,1,1,1,5
202510,1,1,1,11
202511,1,1,1,18
202512,1,1,1,1
202501,2,1,1,2366
202502,2,1,1,3804
202503,2,1,1,4174
202504,2,1,1,4001
202505,2,1,1,3697
202506,2,1,1,3681
202507,2,1,1,3797
202508,2,1,1,3792
202509,2,1,1,3356
202510,2,1,1,6233
202511,2,1,1,6505
202512,2,1,1,4011
202501,3,1,1,1
202502,3,1,1,4
202503,3,1,1,3
202504,3,1,1,8
202505,3,1,1,3
202506,3,1,1,4
202507,3,1,1,10
202508,3,1,1,5
202509,3,1,1,0
202510,3,1,1,1
202511,3,1,1,3
202512,3,1,1,5
202501,4,1,1,210
202502,4,1,1,182
202503,4,1,1,350
202504,4,1,1,280
202505,4,1,1,329
202506,4,1,1,322
202507,4,1,1,343
202508,4,1,1,365
202509,4,1,1,312
202510,4,1,1,342
202511,4,1,1,276
202512,4,1,1,359
202501,5,1,1,2070
202502,5,1,1,1561
202503,5,1,1,2467
202504,5,1,1,1906
202505,5,1,1,2177
202506,5,1,1,2552
202507,5,1,1,2628
202508,5,1,1,2556
202509,5,1,1,1757
202510,5,1,1,3622
202511,5,1,1,2720
202512,5,1,1,2069
202501,6,1,1,85
202502,6,1,1,107
202503,6,1,1,162
202504,6,1,1,131
202505,6,1,1,109
202506,6,1,1,108
202507,6,1,1,205
202508,6,1,1,112
202509,6,1,1,131
202510,6,1,1,157
202511,6,1,1,123
202512,6,1,1,109
202501,7,1,1,2729
202502,7,1,1,1889
202503,7,1,1,3135
202504,7,1,1,2216
202505,7,1,1,2359
202506,7,1,1,2634
202507,7,1,1,2477
202508,7,1,1,2158
202509,7,1,1,2451
202510,7,1,1,4160
202511,7,1,1,2638
202512,7,1,1,2157
202501,9,1,1,1887
202502,9,1,1,1841
202503,9,1,1,2541
202504,9,1,1,2314
202505,9,1,1,3356
202506,9,1,1,2786
202507,9,1,1,3529
202508,9,1,1,4464
202509,9,1,1,4313
202510,9,1,1,4439
202511,9,1,1,3001
202512,9,1,1,2493
202501,10,1,1,833
202502,10,1,1,491
202503,10,1,1,864
202504,10,1,1,477
202505,10,1,1,490
202506,10,1,1,770
202507,10,1,1,494
202508,10,1,1,690
202509,10,1,1,679
202510,10,1,1,823
202511,10,1,1,561
202512,10,1,1,490
202501,11,1,1,4033
202502,11,1,1,3119
202503,11,1,1,5225
202504,11,1,1,4186
202505,11,1,1,4680
202506,11,1,1,5680
202507,11,1,1,4917
202508,11,1,1,4942
202509,11,1,1,6151
202510,11,1,1,6610
202511,11,1,1,5102
202512,11,1,1,4315
202501,12,1,1,1253
202502,12,1,1,739
202503,12,1,1,858
202504,12,1,1,1589
202505,12,1,1,1269
202506,12,1,1,1342
202507,12,1,1,1452
202508,12,1,1,1103
202509,12,1,1,995
202510,12,1,1,1610
202511,12,1,1,993
202512,12,1,1,790
202501,13,1,1,104
202502,13,1,1,90
202503,13,1,1,106
202504,13,1,1,60
202505,13,1,1,89
202506,13,1,1,104
202507,13,1,1,77
202508,13,1,1,83
202509,13,1,1,64
202510,13,1,1,84
202511,13,1,1,93
202512,13,1,1,111
202501,14,1,1,179
202502,14,1,1,112
202503,14,1,1,190
202504,14,1,1,201
202505,14,1,1,248
202506,14,1,1,307
202507,14,1,1,300
202508,14,1,1,219
202509,14,1,1,149
202510,14,1,1,266
202511,14,1,1,161
202512,14,1,1,164
202501,15,1,1,962
202502,15,1,1,724
202503,15,1,1,1070
202504,15,1,1,743
202505,15,1,1,1001
202506,15,1,1,1094
202507,15,1,1,1003
202508,15,1,1,1090
202509,15,1,1,953
202510,15,1,1,1385
202511,15,1,1,999
202512,15,1,1,796
202501,16,1,1,13855
202502,16,1,1,9841
202503,16,1,1,17849
202504,16,1,1,12009
202505,16,1,1,13354
202506,16,1,1,13729
202507,16,1,1,13203
202508,16,1,1,15606
202509,16,1,1,14893
202510,16,1,1,19291
202511,16,1,1,14863
202512,16,1,1,12330
202501,17,1,1,6433
202502,17,1,1,5290
202503,17,1,1,7767
202504,17,1,1,5624
202505,17,1,1,6851
202506,17,1,1,6474
202507,17,1,1,6444
202508,17,1,1,8404
202509,17,1,1,7191
202510,17,1,1,6779
202511,17,1,1,6499
202512,17,1,1,6732
202501,18,1,1,0
202502,18,1,1,0
202503,18,1,1,0
202504,18,1,1,0
202505,18,1,1,0
202506,18,1,1,0
202507,18,1,1,0
202508,18,1,1,0
202509,18,1,1,0
202510,18,1,1,0
202511,18,1,1,0
202512,18,1,1,0
202501,19,1,1,1
202502,19,1,1,0
202503,19,1,1,0
202504,19,1,1,3
202505,19,1,1,3
202506,19,1,1,1
202507,19,1,1,1
202508,19,1,1,0
202509,19,1,1,1
202510,19,1,1,0
202511,19,1,1,4
202512,19,1,1,4
202501,20,1,1,6927
202502,20,1,1,5780
202503,20,1,1,9628
202504,20,1,1,5972
202505,20,1,1,6869
202506,20,1,1,7997
202507,20,1,1,8103
202508,20,1,1,7305
202509,20,1,1,9082
202510,20,1,1,14184
202511,20,1,1,9216
202512,20,1,1,7625
202501,21,1,1,18563
202502,21,1,1,13044
202503,21,1,1,29141
202504,21,1,1,16355
202505,21,1,1,16500
202506,21,1,1,16386
202507,21,1,1,15228
202508,21,1,1,16357
202509,21,1,1,15919
202510,21,1,1,25148
202511,21,1,1,18404
202512,21,1,1,15140
202501,22,1,1,1
202502,22,1,1,4
202503,22,1,1,7
202504,22,1,1,35
202505,22,1,1,7
202506,22,1,1,48
202507,22,1,1,25
202508,22,1,1,45
202509,22,1,1,42
202510,22,1,1,44
202511,22,1,1,33
202512,22,1,1,43
202501,23,1,1,23
202502,23,1,1,8
202503,23,1,1,21
202504,23,1,1,8
202505,23,1,1,14
202506,23,1,1,20
202507,23,1,1,26
202508,23,1,1,30
202509,23,1,1,29
202510,23,1,1,19
202511,23,1,1,21
202512,23,1,1,5
202501,24,1,1,56
202502,24,1,1,94
202503,24,1,1,84
202504,24,1,1,72
202505,24,1,1,43
202506,24,1,1,50
202507,24,1,1,69
202508,24,1,1,28
202509,24,1,1,93
202510,24,1,1,71
202511,24,1,1,76
202512,24,1,1,81
202501,25,1,1,0
202502,25,1,1,1
202503,25,1,1,2
202504,25,1,1,1
202505,25,1,1,1
202506,25,1,1,3
202507,25,1,1,0
202508,25,1,1,0
202509,25,1,1,1
202510,25,1,1,2
202511,25,1,1,3
202512,25,1,1,0
202501,26,1,1,4162
202502,26,1,1,3636
202503,26,1,1,6435
202504,26,1,1,4975
202505,26,1,1,5531
202506,26,1,1,5647
202507,26,1,1,5316
202508,26,1,1,4862
202509,26,1,1,5847
202510,26,1,1,7753
202511,26,1,1,6244
202512,26,1,1,7139
202501,27,1,1,356
202502,27,1,1,312
202503,27,1,1,336
202504,27,1,1,293
202505,27,1,1,293
202506,27,1,1,309
202507,27,1,1,386
202508,27,1,1,272
202509,27,1,1,312
202510,27,1,1,312
202511,27,1,1,349
202512,27,1,1,345
202501,28,1,1,1938
202502,28,1,1,1643
202503,28,1,1,3261
202504,28,1,1,2304
202505,28,1,1,2383
202506,28,1,1,2358
202507,28,1,1,2406
202508,28,1,1,1968
202509,28,1,1,1778
202510,28,1,1,3016
202511,28,1,1,2285
202512,28,1,1,1922
202501,29,1,1,6013
202502,29,1,1,4323
202503,29,1,1,7956
202504,29,1,1,5474
202505,29,1,1,6265
202506,29,1,1,6525
202507,29,1,1,6483
202508,29,1,1,6305
202509,29,1,1,6219
202510,29,1,1,11365
202511,29,1,1,7521
202512,29,1,1,5266
202501,30,1,1,0
202502,30,1,1,0
202503,30,1,1,0
202504,30,1,1,1
202505,30,1,1,0
202506,30,1,1,1
202507,30,1,1,0
202508,30,1,1,0
202509,30,1,1,0
202510,30,1,1,0
202511,30,1,1,1
202512,30,1,1,0
202501,31,1,1,11867
202502,31,1,1,9804
202503,31,1,1,11974
202504,31,1,1,9830
202505,31,1,1,9598
202506,31,1,1,11217
202507,31,1,1,11431
202508,31,1,1,10873
202509,31,1,1,11615
202510,31,1,1,12342
202511,31,1,1,12582
202512,31,1,1,13331
202501,32,1,1,4093
202502,32,1,1,3820
202503,32,1,1,6995
202504,32,1,1,3916
202505,32,1,1,3830
202506,32,1,1,4649
202507,32,1,1,4898
202508,32,1,1,4540
202509,32,1,1,4821
202510,32,1,1,5870
202511,32,1,1,6996
202512,32,1,1,6555
202501,33,1,1,32
202502,33,1,1,26
202503,33,1,1,50
202504,33,1,1,30
202505,33,1,1,49
202506,33,1,1,72
202507,33,1,1,41
202508,33,1,1,40
202509,33,1,1,30
202510,33,1,1,47
202511,33,1,1,69
202512,33,1,1,35
202501,8,1,1,18
202502,8,1,1,10
202503,8,1,1,17
202504,8,1,1,16
202505,8,1,1,12
202506,8,1,1,8
202507,8,1,1,14
202508,8,1,1,6
202509,8,1,1,19
202510,8,1,1,11
202511,8,1,1,19
202512,8,1,1,23
202501,35,1,1,535
202502,35,1,1,376
202503,35,1,1,499
202504,35,1,1,605
202505,35,1,1,751
202506,35,1,1,863
202507,35,1,1,813
202508,35,1,1,777
202509,35,1,1,592
202510,35,1,1,1143
202511,35,1,1,1018
202512,35,1,1,667
202501,34,1,1,9020
202502,34,1,1,6455
202503,34,1,1,12240
202504,34,1,1,8533
202505,34,1,1,10300
202506,34,1,1,10416
202507,34,1,1,10046
202508,34,1,1,8717
202509,34,1,1,8135
202510,34,1,1,11338
202511,34,1,1,13596
202512,34,1,1,7585
202501,36,1,1,1916
202502,36,1,1,1414
202503,36,1,1,3053
202504,36,1,1,2289
202505,36,1,1,2438
202506,36,1,1,2563
202507,36,1,1,2343
202508,36,1,1,1952
202509,36,1,1,1949
202510,36,1,1,2419
202511,36,1,1,1983
202512,36,1,1,2057
202601,1,1,1,2
202602,1,1,1,6
202603,1,1,1,8
202604,1,1,1,3
202605,1,1,1,9
202606,1,1,1,0
202607,1,1,1,27
202608,1,1,1,7
202601,2,1,1,4175
202602,2,1,1,5728
202603,2,1,1,8439
202604,2,1,1,7635
202605,2,1,1,7448
202606,2,1,1,9201
202607,2,1,1,9684
202608,2,1,1,8753
202601,3,1,1,4
202602,3,1,1,3
202603,3,1,1,18
202604,3,1,1,4
202605,3,1,1,4
202606,3,1,1,2
202607,3,1,1,3
202608,3,1,1,0
202601,4,1,1,257
202602,4,1,1,277
202603,4,1,1,488
202604,4,1,1,434
202605,4,1,1,608
202606,4,1,1,668
202607,4,1,1,718
202608,4,1,1,585
202601,5,1,1,2409
202602,5,1,1,2206
202603,5,1,1,3783
202604,5,1,1,3193
202605,5,1,1,3778
202606,5,1,1,4138
202607,5,1,1,4333
202608,5,1,1,3925
202601,6,1,1,128
202602,6,1,1,70
202603,6,1,1,164
202604,6,1,1,140
202605,6,1,1,187
202606,6,1,1,153
202607,6,1,1,140
202608,6,1,1,83
202601,7,1,1,2907
202602,7,1,1,2683
202603,7,1,1,4266
202604,7,1,1,2601
202605,7,1,1,3834
202606,7,1,1,4019
202607,7,1,1,4573
202608,7,1,1,3932
202601,9,1,1,3882
202602,9,1,1,2542
202603,9,1,1,4126
202604,9,1,1,4547
202605,9,1,1,5156
202606,9,1,1,5779
202607,9,1,1,6717
202608,9,1,1,6697
202601,10,1,1,618
202602,10,1,1,613
202603,10,1,1,1265
202604,10,1,1,876
202605,10,1,1,692
202606,10,1,1,980
202607,10,1,1,849
202608,10,1,1,977
202601,11,1,1,5532
202602,11,1,1,5042
202603,11,1,1,8705
202604,11,1,1,7034
202605,11,1,1,7627
202606,11,1,1,9001
202607,11,1,1,10572
202608,11,1,1,8666
202601,12,1,1,919
202602,12,1,1,740
202603,12,1,1,1524
202604,12,1,1,1194
202605,12,1,1,1703
202606,12,1,1,1597
202607,12,1,1,1590
202608,12,1,1,1382
202601,13,1,1,82
202602,13,1,1,75
202603,13,1,1,111
202604,13,1,1,103
202605,13,1,1,115
202606,13,1,1,104
202607,13,1,1,126
202608,13,1,1,108
202601,14,1,1,170
202602,14,1,1,224
202603,14,1,1,470
202604,14,1,1,405
202605,14,1,1,375
202606,14,1,1,509
202607,14,1,1,417
202608,14,1,1,386
202601,15,1,1,900
202602,15,1,1,823
202603,15,1,1,1433
202604,15,1,1,1216
202605,15,1,1,1661
202606,15,1,1,1710
202607,15,1,1,1800
202608,15,1,1,1621
202601,16,1,1,16918
202602,16,1,1,15480
202603,16,1,1,25009
202604,16,1,1,21072
202605,16,1,1,21755
202606,16,1,1,24344
202607,16,1,1,25719
202608,16,1,1,23395
202601,17,1,1,7686
202602,17,1,1,7618
202603,17,1,1,10404
202604,17,1,1,8843
202605,17,1,1,8970
202606,17,1,1,10171
202607,17,1,1,10231
202608,17,1,1,11384
202601,18,1,1,0
202602,18,1,1,0
202603,18,1,1,0
202604,18,1,1,0
202605,18,1,1,0
202606,18,1,1,1
202607,18,1,1,0
202608,18,1,1,0
202601,19,1,1,2
202602,19,1,1,10
202603,19,1,1,12
202604,19,1,1,6
202605,19,1,1,17
202606,19,1,1,9
202607,19,1,1,6
202608,19,1,1,3
202601,20,1,1,11195
202602,20,1,1,10421
202603,20,1,1,16399
202604,20,1,1,9101
202605,20,1,1,10901
202606,20,1,1,12402
202607,20,1,1,14539
202608,20,1,1,11575
202601,21,1,1,20265
202602,21,1,1,16493
202603,21,1,1,33311
202604,21,1,1,24473
202605,21,1,1,23298
202606,21,1,1,28344
202607,21,1,1,29068
202608,21,1,1,24622
202601,22,1,1,28
202602,22,1,1,32
202603,22,1,1,146
202604,22,1,1,33
202605,22,1,1,87
202606,22,1,1,75
202607,22,1,1,18
202608,22,1,1,20
202601,23,1,1,13
202602,23,1,1,6
202603,23,1,1,14
202604,23,1,1,25
202605,23,1,1,7
202606,23,1,1,5
202607,23,1,1,9
202608,23,1,1,7
202601,24,1,1,80
202602,24,1,1,82
202603,24,1,1,140
202604,24,1,1,90
202605,24,1,1,114
202606,24,1,1,123
202607,24,1,1,160
202608,24,1,1,114
202601,25,1,1,2
202602,25,1,1,1
202603,25,1,1,4
202604,25,1,1,0
202605,25,1,1,0
202606,25,1,1,0
202607,25,1,1,2
202608,25,1,1,0
202601,26,1,1,7324
202602,26,1,1,6841
202603,26,1,1,12032
202604,26,1,1,9939
202605,26,1,1,13050
202606,26,1,1,13169
202607,26,1,1,12940
202608,26,1,1,12680
202601,27,1,1,536
202602,27,1,1,425
202603,27,1,1,895
202604,27,1,1,493
202605,27,1,1,518
202606,27,1,1,618
202607,27,1,1,642
202608,27,1,1,593
202601,28,1,1,2135
202602,28,1,1,1861
202603,28,1,1,3609
202604,28,1,1,2964
202605,28,1,1,2886
202606,28,1,1,3522
202607,28,1,1,3602
202608,28,1,1,2973
202601,29,1,1,6569
202602,29,1,1,5960
202603,29,1,1,10629
202604,29,1,1,8845
202605,29,1,1,10154
202606,29,1,1,10528
202607,29,1,1,10845
202608,29,1,1,11461
202601,30,1,1,0
202602,30,1,1,6
202603,30,1,1,0
202604,30,1,1,0
202605,30,1,1,0
202606,30,1,1,1
202607,30,1,1,0
202608,30,1,1,0
202601,31,1,1,15827
202602,31,1,1,15410
202603,31,1,1,24572
202604,31,1,1,18901
202605,31,1,1,17808
202606,31,1,1,23936
202607,31,1,1,24241
202608,31,1,1,20065
202601,32,1,1,5624
202602,32,1,1,5529
202603,32,1,1,6572
202604,32,1,1,7433
202605,32,1,1,9599
202606,32,1,1,8418
202607,32,1,1,8881
202608,32,1,1,8675
202601,33,1,1,38
202602,33,1,1,28
202603,33,1,1,45
202604,33,1,1,29
202605,33,1,1,55
202606,33,1,1,104
202607,33,1,1,81
202608,33,1,1,56
202601,8,1,1,15
202602,8,1,1,21
202603,8,1,1,18
202604,8,1,1,17
202605,8,1,1,22
202606,8,1,1,16
202607,8,1,1,19
202608,8,1,1,23
202601,35,1,1,642
202602,35,1,1,603
202603,35,1,1,990
202604,35,1,1,979
202605,35,1,1,1187
202606,35,1,1,1212
202607,35,1,1,1503
202608,35,1,1,1016
202601,34,1,1,10462
202602,34,1,1,8530
202603,34,1,1,16186
202604,34,1,1,12825
202605,34,1,1,15761
202606,34,1,1,15835
202607,34,1,1,17186
202608,34,1,1,15247
202601,36,1,1,1931
202602,36,1,1,2044
202603,36,1,1,3799
202604,36,1,1,2432
202605,36,1,1,3439
202606,36,1,1,4472
202607,36,1,1,4560
202608,36,1,1,3548
202301,1,2,1,374
202302,1,2,1,347
202303,1,2,1,375
202304,1,2,1,325
202305,1,2,1,440
202306,1,2,1,373
202307,1,2,1,425
202308,1,2,1,477
202309,1,2,1,381
202310,1,2,1,403
202311,1,2,1,595
202312,1,2,1,424
202301,2,2,1,46943
202302,2,2,1,48973
202303,2,2,1,50904
202304,2,2,1,44653
202305,2,2,1,50406
202306,2,2,1,44947
202307,2,2,1,49689
202308,2,2,1,55016
202309,2,2,1,51802
202310,2,2,1,64634
202311,2,2,1,77402
202312,2,2,1,58616
202301,3,2,1,718
202302,3,2,1,819
202303,3,2,1,1129
202304,3,2,1,971
202305,3,2,1,1192
202306,3,2,1,1144
202307,3,2,1,1315
202308,3,2,1,1290
202309,3,2,1,1269
202310,3,2,1,1276
202311,3,2,1,1458
202312,3,2,1,1374
202301,4,2,1,41742
202302,4,2,1,36591
202303,4,2,1,41340
202304,4,2,1,34859
202305,4,2,1,35644
202306,4,2,1,31668
202307,4,2,1,31901
202308,4,2,1,31491
202309,4,2,1,32674
202310,4,2,1,51125
202311,4,2,1,41085
202312,4,2,1,38288
202301,5,2,1,63012
202302,5,2,1,77032
202303,5,2,1,91051
202304,5,2,1,83361
202305,5,2,1,123953
202306,5,2,1,90465
202307,5,2,1,69012
202308,5,2,1,57676
202309,5,2,1,64280
202310,5,2,1,64354
202311,5,2,1,148208
202312,5,2,1,89754
202301,6,2,1,1804
202302,6,2,1,742
202303,6,2,1,302
202304,6,2,1,1954
202305,6,2,1,2149
202306,6,2,1,2515
202307,6,2,1,1684
202308,6,2,1,1684
202309,6,2,1,1750
202310,6,2,1,1828
202311,6,2,1,2206
202312,6,2,1,1030
202301,7,2,1,33077
202302,7,2,1,28938
202303,7,2,1,31175
202304,7,2,1,26066
202305,7,2,1,26746
202306,7,2,1,29219
202307,7,2,1,27260
202308,7,2,1,26703
202309,7,2,1,28721
202310,7,2,1,36586
202311,7,2,1,72796
202312,7,2,1,30006
202301,9,2,1,32677
202302,9,2,1,26602
202303,9,2,1,26613
202304,9,2,1,25852
202305,9,2,1,27329
202306,9,2,1,26621
202307,9,2,1,29476
202308,9,2,1,31233
202309,9,2,1,29868
202310,9,2,1,33615
202311,9,2,1,53228
202312,9,2,1,21860
202301,10,2,1,3801
202302,10,2,1,3295
202303,10,2,1,4241
202304,10,2,1,2915
202305,10,2,1,3077
202306,10,2,1,2952
202307,10,2,1,2361
202308,10,2,1,3411
202309,10,2,1,4991
202310,10,2,1,4821
202311,10,2,1,5252
202312,10,2,1,3513
202301,11,2,1,65049
202302,11,2,1,78692
202303,11,2,1,84662
202304,11,2,1,81520
202305,11,2,1,77584
202306,11,2,1,76909
202307,11,2,1,93128
202308,11,2,1,81408
202309,11,2,1,122668
202310,11,2,1,141018
202311,11,2,1,147148
202312,11,2,1,81800
202301,12,2,1,29279
202302,12,2,1,30568
202303,12,2,1,32443
202304,12,2,1,33362
202305,12,2,1,33337
202306,12,2,1,32913
202307,12,2,1,15368
202308,12,2,1,37695
202309,12,2,1,44124
202310,12,2,1,36495
202311,12,2,1,41798
202312,12,2,1,59550
202301,13,2,1,4330
202302,13,2,1,4723
202303,13,2,1,4458
202304,13,2,1,4760
202305,13,2,1,5163
202306,13,2,1,5340
202307,13,2,1,5414
202308,13,2,1,5285
202309,13,2,1,5348
202310,13,2,1,4433
202311,13,2,1,6087
202312,13,2,1,9891
202301,14,2,1,3824
202302,14,2,1,4723
202303,14,2,1,7595
202304,14,2,1,6091
202305,14,2,1,8830
202306,14,2,1,8183
202307,14,2,1,9787
202308,14,2,1,9658
202309,14,2,1,8339
202310,14,2,1,6624
202311,14,2,1,8588
202312,14,2,1,3570
202301,15,2,1,26613
202302,15,2,1,30977
202303,15,2,1,38212
202304,15,2,1,35669
202305,15,2,1,40962
202306,15,2,1,36048
202307,15,2,1,31970
202308,15,2,1,27506
202309,15,2,1,30733
202310,15,2,1,33213
202311,15,2,1,62989
202312,15,2,1,32088
202301,16,2,1,85216
202302,16,2,1,78262
202303,16,2,1,93054
202304,16,2,1,82512
202305,16,2,1,80043
202306,16,2,1,94701
202307,16,2,1,86252
202308,16,2,1,92511
202309,16,2,1,97210
202310,16,2,1,98632
202311,16,2,1,123335
202312,16,2,1,82685
202301,17,2,1,38493
202302,17,2,1,34483
202303,17,2,1,44036
202304,17,2,1,28360
202305,17,2,1,34054
202306,17,2,1,34143
202307,17,2,1,31365
202308,17,2,1,45050
202309,17,2,1,44761
202310,17,2,1,32289
202311,17,2,1,31993
202312,17,2,1,31207
202301,18,2,1,19
202302,18,2,1,5
202303,18,2,1,30
202304,18,2,1,43
202305,18,2,1,147
202306,18,2,1,208
202307,18,2,1,116
202308,18,2,1,63
202309,18,2,1,41
202310,18,2,1,33
202311,18,2,1,39
202312,18,2,1,7
202301,19,2,1,9
202302,19,2,1,7
202303,19,2,1,13
202304,19,2,1,2
202305,19,2,1,21
202306,19,2,1,8
202307,19,2,1,7
202308,19,2,1,6
202309,19,2,1,7
202310,19,2,1,11
202311,19,2,1,10
202312,19,2,1,11
202301,20,2,1,78021
202302,20,2,1,72861
202303,20,2,1,97613
202304,20,2,1,63043
202305,20,2,1,93479
202306,20,2,1,78154
202307,20,2,1,69123
202308,20,2,1,71150
202309,20,2,1,72216
202310,20,2,1,97856
202311,20,2,1,202555
202312,20,2,1,85927
202301,21,2,1,134526
202302,21,2,1,117515
202303,21,2,1,137601
202304,21,2,1,118791
202305,21,2,1,106165
202306,21,2,1,111466
202307,21,2,1,117384
202308,21,2,1,121437
202309,21,2,1,122333
202310,21,2,1,151644
202311,21,2,1,212013
202312,21,2,1,159761
202301,22,2,1,3153
202302,22,2,1,2975
202303,22,2,1,3986
202304,22,2,1,3411
202305,22,2,1,564
202306,22,2,1,266
202307,22,2,1,1141
202308,22,2,1,841
202309,22,2,1,432
202310,22,2,1,1031
202311,22,2,1,803
202312,22,2,1,969
202301,23,2,1,1373
202302,23,2,1,1197
202303,23,2,1,1910
202304,23,2,1,1499
202305,23,2,1,2007
202306,23,2,1,1969
202307,23,2,1,2015
202308,23,2,1,2018
202309,23,2,1,1977
202310,23,2,1,1780
202311,23,2,1,1885
202312,23,2,1,1521
202301,24,2,1,1590
202302,24,2,1,1646
202303,24,2,1,1608
202304,24,2,1,1558
202305,24,2,1,1612
202306,24,2,1,1790
202307,24,2,1,1717
202308,24,2,1,1904
202309,24,2,1,1555
202310,24,2,1,1930
202311,24,2,1,1941
202312,24,2,1,1950
202301,25,2,1,432
202302,25,2,1,377
202303,25,2,1,696
202304,25,2,1,558
202305,25,2,1,612
202306,25,2,1,653
202307,25,2,1,599
202308,25,2,1,590
202309,25,2,1,530
202310,25,2,1,470
202311,25,2,1,635
202312,25,2,1,421
202301,26,2,1,45459
202302,26,2,1,46831
202303,26,2,1,49382
202304,26,2,1,41123
202305,26,2,1,40846
202306,26,2,1,41083
202307,26,2,1,35605
202308,26,2,1,33315
202309,26,2,1,42593
202310,26,2,1,67631
202311,26,2,1,59090
202312,26,2,1,44017
202301,27,2,1,4196
202302,27,2,1,3174
202303,27,2,1,3432
202304,27,2,1,2914
202305,27,2,1,3353
202306,27,2,1,3447
202307,27,2,1,3721
202308,27,2,1,3940
202309,27,2,1,3212
202310,27,2,1,3566
202311,27,2,1,3487
202312,27,2,1,2611
202301,28,2,1,32539
202302,28,2,1,33947
202303,28,2,1,35998
202304,28,2,1,27895
202305,28,2,1,31256
202306,28,2,1,29674
202307,28,2,1,33138
202308,28,2,1,34131
202309,28,2,1,35147
202310,28,2,1,33265
202311,28,2,1,47509
202312,28,2,1,44569
202301,29,2,1,58504
202302,29,2,1,58273
202303,29,2,1,80482
202304,29,2,1,64249
202305,29,2,1,73456
202306,29,2,1,66464
202307,29,2,1,72903
202308,29,2,1,72358
202309,29,2,1,78871
202310,29,2,1,101371
202311,29,2,1,184379
202312,29,2,1,95435
202301,30,2,1,470
202302,30,2,1,323
202303,30,2,1,453
202304,30,2,1,466
202305,30,2,1,508
202306,30,2,1,516
202307,30,2,1,421
202308,30,2,1,465
202309,30,2,1,545
202310,30,2,1,398
202311,30,2,1,471
202312,30,2,1,365
202301,31,2,1,130276
202302,31,2,1,112061
202303,31,2,1,112073
202304,31,2,1,89207
202305,31,2,1,99687
202306,31,2,1,116958
202307,31,2,1,113631
202308,31,2,1,122878
202309,31,2,1,110940
202310,31,2,1,125191
202311,31,2,1,114875
202312,31,2,1,77363
202301,32,2,1,49238
202302,32,2,1,46832
202303,32,2,1,47090
202304,32,2,1,43302
202305,32,2,1,43109
202306,32,2,1,46894
202307,32,2,1,46039
202308,32,2,1,53758
202309,32,2,1,48322
202310,32,2,1,46348
202311,32,2,1,61895
202312,32,2,1,60704
202301,33,2,1,2758
202302,33,2,1,2842
202303,33,2,1,2993
202304,33,2,1,2433
202305,33,2,1,3240
202306,33,2,1,2698
202307,33,2,1,2941
202308,33,2,1,3126
202309,33,2,1,3143
202310,33,2,1,4281
202311,33,2,1,4881
202312,33,2,1,3621
202301,8,2,1,688
202302,8,2,1,761
202303,8,2,1,896
202304,8,2,1,661
202305,8,2,1,823
202306,8,2,1,754
202307,8,2,1,852
202308,8,2,1,598
202309,8,2,1,720
202310,8,2,1,1105
202311,8,2,1,1171
202312,8,2,1,1431
202301,35,2,1,12426
202302,35,2,1,10648
202303,35,2,1,12488
202304,35,2,1,12061
202305,35,2,1,14101
202306,35,2,1,13060
202307,35,2,1,12808
202308,35,2,1,12432
202309,35,2,1,12389
202310,35,2,1,13513
202311,35,2,1,23900
202312,35,2,1,18680
202301,34,2,1,169814
202302,34,2,1,188904
202303,34,2,1,202840
202304,34,2,1,192597
202305,34,2,1,295597
202306,34,2,1,218474
202307,34,2,1,158070
202308,34,2,1,145590
202309,34,2,1,141407
202310,34,2,1,161716
202311,34,2,1,387473
202312,34,2,1,208008
202301,36,2,1,51812
202302,36,2,1,66407
202303,36,2,1,72607
202304,36,2,1,53299
202305,36,2,1,76010
202306,36,2,1,64421
202307,36,2,1,66884
202308,36,2,1,63700
202309,36,2,1,57900
202310,36,2,1,64646
202311,36,2,1,96260
202312,36,2,1,87485
202401,1,2,1,485
202402,1,2,1,471
202403,1,2,1,445
202404,1,2,1,453
202405,1,2,1,507
202406,1,2,1,442
202407,1,2,1,533
202408,1,2,1,490
202409,1,2,1,396
202410,1,2,1,538
202411,1,2,1,429
202412,1,2,1,473
202401,2,2,1,51681
202402,2,2,1,54003
202403,2,2,1,62193
202404,2,2,1,55495
202405,2,2,1,54304
202406,2,2,1,50116
202407,2,2,1,52757
202408,2,2,1,45812
202409,2,2,1,42832
202410,2,2,1,83784
202411,2,2,1,78619
202412,2,2,1,38729
202401,3,2,1,993
202402,3,2,1,1118
202403,3,2,1,1258
202404,3,2,1,1480
202405,3,2,1,2726
202406,3,2,1,1821
202407,3,2,1,1569
202408,3,2,1,1589
202409,3,2,1,1381
202410,3,2,1,1455
202411,3,2,1,1428
202412,3,2,1,1272
202401,4,2,1,44091
202402,4,2,1,38899
202403,4,2,1,41436
202404,4,2,1,42672
202405,4,2,1,39211
202406,4,2,1,30669
202407,4,2,1,27092
202408,4,2,1,30984
202409,4,2,1,32095
202410,4,2,1,48926
202411,4,2,1,30653
202412,4,2,1,26365
202401,5,2,1,70250
202402,5,2,1,82173
202403,5,2,1,100502
202404,5,2,1,122427
202405,5,2,1,93483
202406,5,2,1,92367
202407,5,2,1,84792
202408,5,2,1,64810
202409,5,2,1,59139
202410,5,2,1,85305
202411,5,2,1,189852
202412,5,2,1,58686
202401,6,2,1,1344
202402,6,2,1,1309
202403,6,2,1,1319
202404,6,2,1,1602
202405,6,2,1,1634
202406,6,2,1,1434
202407,6,2,1,1723
202408,6,2,1,1646
202409,6,2,1,1404
202410,6,2,1,3539
202411,6,2,1,1721
202412,6,2,1,1180
202401,7,2,1,40713
202402,7,2,1,38051
202403,7,2,1,42599
202404,7,2,1,43570
202405,7,2,1,40915
202406,7,2,1,38223
202407,7,2,1,37495
202408,7,2,1,31254
202409,7,2,1,27000
202410,7,2,1,60281
202411,7,2,1,84050
202412,7,2,1,28268
202401,9,2,1,35547
202402,9,2,1,28391
202403,9,2,1,26857
202404,9,2,1,33988
202405,9,2,1,32079
202406,9,2,1,27807
202407,9,2,1,32886
202408,9,2,1,33155
202409,9,2,1,28597
202410,9,2,1,55194
202411,9,2,1,60053
202412,9,2,1,23091
202401,10,2,1,4266
202402,10,2,1,3777
202403,10,2,1,3284
202404,10,2,1,3925
202405,10,2,1,3006
202406,10,2,1,2544
202407,10,2,1,2442
202408,10,2,1,3720
202409,10,2,1,4497
202410,10,2,1,6299
202411,10,2,1,4345
202412,10,2,1,3579
202401,11,2,1,86457
202402,11,2,1,83405
202403,11,2,1,86319
202404,11,2,1,93841
202405,11,2,1,87663
202406,11,2,1,79752
202407,11,2,1,94576
202408,11,2,1,89360
202409,11,2,1,79344
202410,11,2,1,202124
202411,11,2,1,142951
202412,11,2,1,82802
202401,12,2,1,41530
202402,12,2,1,37066
202403,12,2,1,40421
202404,12,2,1,35977
202405,12,2,1,34741
202406,12,2,1,38964
202407,12,2,1,33094
202408,12,2,1,44905
202409,12,2,1,43418
202410,12,2,1,54261
202411,12,2,1,83622
202412,12,2,1,45825
202401,13,2,1,5940
202402,13,2,1,4874
202403,13,2,1,4640
202404,13,2,1,4984
202405,13,2,1,6111
202406,13,2,1,5286
202407,13,2,1,5940
202408,13,2,1,6443
202409,13,2,1,5134
202410,13,2,1,6482
202411,13,2,1,10425
202412,13,2,1,10270
202401,14,2,1,4370
202402,14,2,1,4837
202403,14,2,1,6303
202404,14,2,1,8489
202405,14,2,1,7615
202406,14,2,1,7452
202407,14,2,1,10927
202408,14,2,1,9946
202409,14,2,1,6725
202410,14,2,1,12572
202411,14,2,1,7597
202412,14,2,1,3214
202401,15,2,1,30110
202402,15,2,1,33772
202403,15,2,1,37304
202404,15,2,1,46319
202405,15,2,1,37151
202406,15,2,1,36949
202407,15,2,1,36125
202408,15,2,1,27123
202409,15,2,1,25426
202410,15,2,1,47782
202411,15,2,1,63198
202412,15,2,1,27934
202401,16,2,1,104506
202402,16,2,1,97289
202403,16,2,1,102218
202404,16,2,1,97736
202405,16,2,1,103305
202406,16,2,1,97185
202407,16,2,1,86494
202408,16,2,1,102474
202409,16,2,1,86218
202410,16,2,1,127771
202411,16,2,1,124487
202412,16,2,1,66484
202401,17,2,1,36638
202402,17,2,1,33582
202403,17,2,1,34922
202404,17,2,1,34326
202405,17,2,1,36879
202406,17,2,1,34227
202407,17,2,1,35077
202408,17,2,1,39669
202409,17,2,1,52893
202410,17,2,1,40352
202411,17,2,1,34559
202412,17,2,1,29933
202401,18,2,1,23
202402,18,2,1,4
202403,18,2,1,12
202404,18,2,1,12
202405,18,2,1,197
202406,18,2,1,238
202407,18,2,1,134
202408,18,2,1,125
202409,18,2,1,73
202410,18,2,1,26
202411,18,2,1,51
202412,18,2,1,9
202401,19,2,1,9
202402,19,2,1,17
202403,19,2,1,17
202404,19,2,1,0
202405,19,2,1,20
202406,19,2,1,2
202407,19,2,1,3
202408,19,2,1,8
202409,19,2,1,12
202410,19,2,1,12
202411,19,2,1,8
202412,19,2,1,4
202401,20,2,1,89198
202402,20,2,1,85294
202403,20,2,1,90464
202404,20,2,1,118896
202405,20,2,1,93085
202406,20,2,1,77992
202407,20,2,1,79068
202408,20,2,1,70688
202409,20,2,1,59673
202410,20,2,1,134948
202411,20,2,1,239203
202412,20,2,1,62092
202401,21,2,1,156911
202402,21,2,1,132743
202403,21,2,1,125912
202404,21,2,1,161601
202405,21,2,1,147113
202406,21,2,1,122279
202407,21,2,1,122456
202408,21,2,1,122530
202409,21,2,1,122195
202410,21,2,1,230920
202411,21,2,1,247462
202412,21,2,1,149780
202401,22,2,1,1565
202402,22,2,1,1719
202403,22,2,1,1381
202404,22,2,1,1766
202405,22,2,1,1807
202406,22,2,1,2175
202407,22,2,1,2599
202408,22,2,1,2453
202409,22,2,1,1496
202410,22,2,1,2112
202411,22,2,1,1351
202412,22,2,1,1565
202401,23,2,1,1606
202402,23,2,1,1881
202403,23,2,1,2225
202404,23,2,1,1675
202405,23,2,1,2262
202406,23,2,1,1874
202407,23,2,1,2101
202408,23,2,1,2028
202409,23,2,1,1991
202410,23,2,1,2142
202411,23,2,1,1827
202412,23,2,1,1034
202401,24,2,1,1845
202402,24,2,1,2095
202403,24,2,1,1876
202404,24,2,1,1845
202405,24,2,1,2120
202406,24,2,1,1750
202407,24,2,1,1967
202408,24,2,1,1631
202409,24,2,1,1536
202410,24,2,1,1763
202411,24,2,1,2034
202412,24,2,1,1727
202401,25,2,1,505
202402,25,2,1,763
202403,25,2,1,589
202404,25,2,1,497
202405,25,2,1,750
202406,25,2,1,399
202407,25,2,1,511
202408,25,2,1,543
202409,25,2,1,479
202410,25,2,1,467
202411,25,2,1,542
202412,25,2,1,344
202401,26,2,1,49632
202402,26,2,1,53569
202403,26,2,1,62718
202404,26,2,1,54095
202405,26,2,1,48049
202406,26,2,1,44799
202407,26,2,1,41563
202408,26,2,1,33458
202409,26,2,1,32784
202410,26,2,1,82289
202411,26,2,1,49183
202412,26,2,1,35244
202401,27,2,1,4832
202402,27,2,1,4167
202403,27,2,1,3861
202404,27,2,1,3869
202405,27,2,1,4260
202406,27,2,1,3895
202407,27,2,1,4464
202408,27,2,1,3984
202409,27,2,1,3811
202410,27,2,1,3871
202411,27,2,1,3411
202412,27,2,1,2450
202401,28,2,1,32744
202402,28,2,1,33385
202403,28,2,1,34376
202404,28,2,1,33277
202405,28,2,1,34381
202406,28,2,1,27755
202407,28,2,1,34781
202408,28,2,1,36246
202409,28,2,1,27467
202410,28,2,1,41871
202411,28,2,1,56727
202412,28,2,1,51837
202401,29,2,1,74612
202402,29,2,1,76345
202403,29,2,1,80526
202404,29,2,1,79388
202405,29,2,1,83139
202406,29,2,1,73514
202407,29,2,1,80804
202408,29,2,1,87823
202409,29,2,1,57759
202410,29,2,1,123147
202411,29,2,1,237347
202412,29,2,1,51419
202401,30,2,1,511
202402,30,2,1,407
202403,30,2,1,398
202404,30,2,1,442
202405,30,2,1,640
202406,30,2,1,592
202407,30,2,1,499
202408,30,2,1,514
202409,30,2,1,466
202410,30,2,1,544
202411,30,2,1,493
202412,30,2,1,432
202401,31,2,1,146163
202402,31,2,1,136503
202403,31,2,1,113130
202404,31,2,1,116029
202405,31,2,1,112856
202406,31,2,1,113799
202407,31,2,1,126522
202408,31,2,1,118498
202409,31,2,1,111904
202410,31,2,1,109160
202411,31,2,1,124696
202412,31,2,1,72657
202401,32,2,1,56726
202402,32,2,1,56141
202403,32,2,1,51207
202404,32,2,1,49731
202405,32,2,1,54320
202406,32,2,1,50513
202407,32,2,1,57021
202408,32,2,1,48546
202409,32,2,1,47729
202410,32,2,1,55679
202411,32,2,1,79576
202412,32,2,1,50815
202401,33,2,1,3216
202402,33,2,1,3299
202403,33,2,1,3675
202404,33,2,1,3303
202405,33,2,1,3436
202406,33,2,1,3067
202407,33,2,1,3045
202408,33,2,1,2683
202409,33,2,1,2981
202410,33,2,1,5011
202411,33,2,1,4002
202412,33,2,1,3114
202401,8,2,1,835
202402,8,2,1,1029
202403,8,2,1,753
202404,8,2,1,866
202405,8,2,1,996
202406,8,2,1,890
202407,8,2,1,937
202408,8,2,1,797
202409,8,2,1,844
202410,8,2,1,1169
202411,8,2,1,1487
202412,8,2,1,1146
202401,35,2,1,11293
202402,35,2,1,13100
202403,35,2,1,11943
202404,35,2,1,13682
202405,35,2,1,16776
202406,35,2,1,13689
202407,35,2,1,14690
202408,35,2,1,13389
202409,35,2,1,12097
202410,35,2,1,19399
202411,35,2,1,33039
202412,35,2,1,13973
202401,34,2,1,178577
202402,34,2,1,202451
202403,34,2,1,204532
202404,34,2,1,285381
202405,34,2,1,246177
202406,34,2,1,190564
202407,34,2,1,190105
202408,34,2,1,156873
202409,34,2,1,115992
202410,34,2,1,246304
202411,34,2,1,479612
202412,34,2,1,153378
202401,36,2,1,70748
202402,36,2,1,72668
202403,36,2,1,67812
202404,36,2,1,81515
202405,36,2,1,84234
202406,36,2,1,77356
202407,36,2,1,93702
202408,36,2,1,68716
202409,36,2,1,69016
202410,36,2,1,94323
202411,36,2,1,108071
202412,36,2,1,79971
202501,1,2,1,475
202502,1,2,1,433
202503,1,2,1,463
202504,1,2,1,488
202505,1,2,1,507
202506,1,2,1,498
202507,1,2,1,613
202508,1,2,1,541
202509,1,2,1,478
202510,1,2,1,705
202511,1,2,1,554
202512,1,2,1,622
202501,2,2,1,45903
202502,2,2,1,52903
202503,2,2,1,45404
202504,2,2,1,54357
202505,2,2,1,47709
202506,2,2,1,47747
202507,2,2,1,46502
202508,2,2,1,51107
202509,2,2,1,36024
202510,2,2,1,106586
202511,2,2,1,97299
202512,2,2,1,42410
202501,3,2,1,1191
202502,3,2,1,1126
202503,3,2,1,1136
202504,3,2,1,1395
202505,3,2,1,1297
202506,3,2,1,1403
202507,3,2,1,1982
202508,3,2,1,1804
202509,3,2,1,1347
202510,3,2,1,1694
202511,3,2,1,1502
202512,3,2,1,1229
202501,4,2,1,45825
202502,4,2,1,35167
202503,4,2,1,39074
202504,4,2,1,33243
202505,4,2,1,28184
202506,4,2,1,28230
202507,4,2,1,26336
202508,4,2,1,26989
202509,4,2,1,34922
202510,4,2,1,46891
202511,4,2,1,29347
202512,4,2,1,30101
202501,5,2,1,66406
202502,5,2,1,80473
202503,5,2,1,89646
202504,5,2,1,111593
202505,5,2,1,127294
202506,5,2,1,92954
202507,5,2,1,68927
202508,5,2,1,57650
202509,5,2,1,42947
202510,5,2,1,193669
202511,5,2,1,193432
202512,5,2,1,64907
202501,6,2,1,1737
202502,6,2,1,1475
202503,6,2,1,1600
202504,6,2,1,1710
202505,6,2,1,1662
202506,6,2,1,1653
202507,6,2,1,2083
202508,6,2,1,1992
202509,6,2,1,1992
202510,6,2,1,3755
202511,6,2,1,2545
202512,6,2,1,1633
202501,7,2,1,44546
202502,7,2,1,39086
202503,7,2,1,43844
202504,7,2,1,40280
202505,7,2,1,36495
202506,7,2,1,36623
202507,7,2,1,32352
202508,7,2,1,32328
202509,7,2,1,32928
202510,7,2,1,106850
202511,7,2,1,51107
202512,7,2,1,29298
202501,9,2,1,40866
202502,9,2,1,27150
202503,9,2,1,33320
202504,9,2,1,32462
202505,9,2,1,43507
202506,9,2,1,35113
202507,9,2,1,40962
202508,9,2,1,36230
202509,9,2,1,36721
202510,9,2,1,78898
202511,9,2,1,61819
202512,9,2,1,28401
202501,10,2,1,4396
202502,10,2,1,3771
202503,10,2,1,4343
202504,10,2,1,3570
202505,10,2,1,2758
202506,10,2,1,2737
202507,10,2,1,2933
202508,10,2,1,4644
202509,10,2,1,4451
202510,10,2,1,7039
202511,10,2,1,4917
202512,10,2,1,4646
202501,11,2,1,93515
202502,11,2,1,81007
202503,11,2,1,90919
202504,11,2,1,91891
202505,11,2,1,89325
202506,11,2,1,94946
202507,11,2,1,94835
202508,11,2,1,110474
202509,11,2,1,110237
202510,11,2,1,249636
202511,11,2,1,167255
202512,11,2,1,99157
202501,12,2,1,47477
202502,12,2,1,36686
202503,12,2,1,40205
202504,12,2,1,41213
202505,12,2,1,42943
202506,12,2,1,42393
202507,12,2,1,40800
202508,12,2,1,40975
202509,12,2,1,38643
202510,12,2,1,95756
202511,12,2,1,89315
202512,12,2,1,33291
202501,13,2,1,6568
202502,13,2,1,5058
202503,13,2,1,5321
202504,13,2,1,5858
202505,13,2,1,6528
202506,13,2,1,6347
202507,13,2,1,5657
202508,13,2,1,6270
202509,13,2,1,4373
202510,13,2,1,6775
202511,13,2,1,16798
202512,13,2,1,9849
202501,14,2,1,4405
202502,14,2,1,4966
202503,14,2,1,6652
202504,14,2,1,8663
202505,14,2,1,8375
202506,14,2,1,8653
202507,14,2,1,10747
202508,14,2,1,9047
202509,14,2,1,7854
202510,14,2,1,15628
202511,14,2,1,7053
202512,14,2,1,4571
202501,15,2,1,34557
202502,15,2,1,32802
202503,15,2,1,40607
202504,15,2,1,49676
202505,15,2,1,46141
202506,15,2,1,41116
202507,15,2,1,31934
202508,15,2,1,30188
202509,15,2,1,34027
202510,15,2,1,96322
202511,15,2,1,53251
202512,15,2,1,32921
202501,16,2,1,102019
202502,16,2,1,81944
202503,16,2,1,94463
202504,16,2,1,93033
202505,16,2,1,93885
202506,16,2,1,87328
202507,16,2,1,79912
202508,16,2,1,99071
202509,16,2,1,82617
202510,16,2,1,175024
202511,16,2,1,114272
202512,16,2,1,74382
202501,17,2,1,39683
202502,17,2,1,31761
202503,17,2,1,37154
202504,17,2,1,34753
202505,17,2,1,38402
202506,17,2,1,36115
202507,17,2,1,37491
202508,17,2,1,51311
202509,17,2,1,43360
202510,17,2,1,56068
202511,17,2,1,42516
202512,17,2,1,44303
202501,18,2,1,29
202502,18,2,1,15
202503,18,2,1,6
202504,18,2,1,11
202505,18,2,1,28
202506,18,2,1,96
202507,18,2,1,94
202508,18,2,1,84
202509,18,2,1,45
202510,18,2,1,49
202511,18,2,1,33
202512,18,2,1,20
202501,19,2,1,34
202502,19,2,1,90
202503,19,2,1,85
202504,19,2,1,79
202505,19,2,1,66
202506,19,2,1,58
202507,19,2,1,37
202508,19,2,1,31
202509,19,2,1,46
202510,19,2,1,34
202511,19,2,1,58
202512,19,2,1,89
202501,20,2,1,85262
202502,20,2,1,76449
202503,20,2,1,84127
202504,20,2,1,110849
202505,20,2,1,101398
202506,20,2,1,70079
202507,20,2,1,62290
202508,20,2,1,67394
202509,20,2,1,66690
202510,20,2,1,252752
202511,20,2,1,135750
202512,20,2,1,59834
202501,21,2,1,171989
202502,21,2,1,125226
202503,21,2,1,147812
202504,21,2,1,186627
202505,21,2,1,149408
202506,21,2,1,135574
202507,21,2,1,143884
202508,21,2,1,148190
202509,21,2,1,127917
202510,21,2,1,300638
202511,21,2,1,281464
202512,21,2,1,159804
202501,22,2,1,1471
202502,22,2,1,2163
202503,22,2,1,1583
202504,22,2,1,2234
202505,22,2,1,767
202506,22,2,1,2295
202507,22,2,1,2026
202508,22,2,1,3738
202509,22,2,1,2216
202510,22,2,1,2767
202511,22,2,1,2443
202512,22,2,1,2727
202501,23,2,1,1772
202502,23,2,1,1590
202503,23,2,1,1895
202504,23,2,1,1951
202505,23,2,1,1963
202506,23,2,1,1853
202507,23,2,1,2084
202508,23,2,1,2103
202509,23,2,1,2179
202510,23,2,1,2946
202511,23,2,1,2275
202512,23,2,1,1654
202501,24,2,1,1706
202502,24,2,1,1584
202503,24,2,1,1862
202504,24,2,1,2180
202505,24,2,1,1926
202506,24,2,1,1792
202507,24,2,1,1875
202508,24,2,1,1873
202509,24,2,1,1833
202510,24,2,1,2021
202511,24,2,1,1737
202512,24,2,1,1997
202501,25,2,1,486
202502,25,2,1,502
202503,25,2,1,472
202504,25,2,1,494
202505,25,2,1,675
202506,25,2,1,526
202507,25,2,1,690
202508,25,2,1,519
202509,25,2,1,436
202510,25,2,1,273
202511,25,2,1,785
202512,25,2,1,459
202501,26,2,1,49828
202502,26,2,1,52594
202503,26,2,1,58760
202504,26,2,1,52514
202505,26,2,1,49729
202506,26,2,1,47796
202507,26,2,1,39909
202508,26,2,1,39363
202509,26,2,1,51414
202510,26,2,1,107122
202511,26,2,1,51127
202512,26,2,1,47052
202501,27,2,1,5565
202502,27,2,1,3879
202503,27,2,1,4043
202504,27,2,1,4271
202505,27,2,1,4263
202506,27,2,1,4315
202507,27,2,1,4563
202508,27,2,1,3908
202509,27,2,1,3770
202510,27,2,1,5500
202511,27,2,1,4191
202512,27,2,1,3847
202501,28,2,1,37728
202502,28,2,1,36397
202503,28,2,1,37156
202504,28,2,1,32878
202505,28,2,1,35871
202506,28,2,1,31660
202507,28,2,1,38061
202508,28,2,1,34537
202509,28,2,1,29288
202510,28,2,1,63820
202511,28,2,1,96361
202512,28,2,1,41320
202501,29,2,1,68149
202502,29,2,1,62846
202503,29,2,1,71211
202504,29,2,1,81254
202505,29,2,1,75832
202506,29,2,1,64309
202507,29,2,1,67364
202508,29,2,1,72509
202509,29,2,1,67236
202510,29,2,1,221533
202511,29,2,1,194285
202512,29,2,1,52635
202501,30,2,1,362
202502,30,2,1,491
202503,30,2,1,356
202504,30,2,1,479
202505,30,2,1,549
202506,30,2,1,468
202507,30,2,1,554
202508,30,2,1,411
202509,30,2,1,525
202510,30,2,1,605
202511,30,2,1,578
202512,30,2,1,453
202501,31,2,1,149159
202502,31,2,1,118131
202503,31,2,1,109225
202504,31,2,1,116632
202505,31,2,1,104210
202506,31,2,1,121378
202507,31,2,1,129062
202508,31,2,1,120376
202509,31,2,1,108104
202510,31,2,1,170999
202511,31,2,1,144136
202512,31,2,1,112345
202501,32,2,1,53834
202502,32,2,1,46709
202503,32,2,1,47834
202504,32,2,1,50734
202505,32,2,1,51509
202506,32,2,1,50387
202507,32,2,1,51087
202508,32,2,1,46755
202509,32,2,1,43336
202510,32,2,1,65174
202511,32,2,1,78863
202512,32,2,1,60363
202501,33,2,1,2912
202502,33,2,1,2760
202503,33,2,1,2881
202504,33,2,1,2638
202505,33,2,1,2553
202506,33,2,1,2591
202507,33,2,1,2580
202508,33,2,1,2337
202509,33,2,1,2344
202510,33,2,1,3845
202511,33,2,1,3711
202512,33,2,1,3088
202501,8,2,1,1315
202502,8,2,1,954
202503,8,2,1,869
202504,8,2,1,1249
202505,8,2,1,906
202506,8,2,1,816
202507,8,2,1,1024
202508,8,2,1,866
202509,8,2,1,826
202510,8,2,1,1093
202511,8,2,1,2482
202512,8,2,1,1690
202501,35,2,1,13041
202502,35,2,1,12118
202503,35,2,1,12009
202504,35,2,1,15963
202505,35,2,1,15978
202506,35,2,1,13789
202507,35,2,1,14137
202508,35,2,1,12731
202509,35,2,1,11738
202510,35,2,1,31138
202511,35,2,1,33296
202512,35,2,1,11949
202501,34,2,1,192939
202502,34,2,1,203067
202503,34,2,1,208322
202504,34,2,1,298751
202505,34,2,1,309567
202506,34,2,1,203636
202507,34,2,1,156759
202508,34,2,1,146611
202509,34,2,1,134756
202510,34,2,1,487514
202511,34,2,1,443482
202512,34,2,1,144863
202501,36,2,1,73481
202502,36,2,1,69443
202503,36,2,1,74164
202504,36,2,1,89632
202505,36,2,1,90088
202506,36,2,1,81285
202507,36,2,1,68125
202508,36,2,1,58620
202509,36,2,1,68681
202510,36,2,1,128726
202511,36,2,1,111999
202512,36,2,1,82971
202601,1,2,1,728
202602,1,2,1,630
202603,1,2,1,748
202604,1,2,1,658
202605,1,2,1,627
202606,1,2,1,746
202607,1,2,1,810
202608,1,2,1,564
202601,2,2,1,48886
202602,2,2,1,60567
202603,2,2,1,70322
202604,2,2,1,65491
202605,2,2,1,55295
202606,2,2,1,62399
202607,2,2,1,65077
202608,2,2,1,63267
202601,3,2,1,1388
202602,3,2,1,1223
202603,3,2,1,1228
202604,3,2,1,1608
202605,3,2,1,1474
202606,3,2,1,1635
202607,3,2,1,1628
202608,3,2,1,1605
202601,4,2,1,37754
202602,4,2,1,33010
202603,4,2,1,40424
202604,4,2,1,40034
202605,4,2,1,34636
202606,4,2,1,31890
202607,4,2,1,28123
202608,4,2,1,30227
202601,5,2,1,87055
202602,5,2,1,100137
202603,5,2,1,111737
202604,5,2,1,133736
202605,5,2,1,114824
202606,5,2,1,100269
202607,5,2,1,80787
202608,5,2,1,73624
202601,6,2,1,2188
202602,6,2,1,1955
202603,6,2,1,2135
202604,6,2,1,2046
202605,6,2,1,2101
202606,6,2,1,2111
202607,6,2,1,2380
202608,6,2,1,2280
202601,7,2,1,48761
202602,7,2,1,42434
202603,7,2,1,45840
202604,7,2,1,36013
202605,7,2,1,33522
202606,7,2,1,36987
202607,7,2,1,34511
202608,7,2,1,32037
202601,9,2,1,51284
202602,9,2,1,38828
202603,9,2,1,42956
202604,9,2,1,41587
202605,9,2,1,42071
202606,9,2,1,41169
202607,9,2,1,46426
202608,9,2,1,44617
202601,10,2,1,4677
202602,10,2,1,4595
202603,10,2,1,5248
202604,10,2,1,3825
202605,10,2,1,3481
202606,10,2,1,3661
202607,10,2,1,3436
202608,10,2,1,3709
202601,11,2,1,128289
202602,11,2,1,112356
202603,11,2,1,126261
202604,11,2,1,105740
202605,11,2,1,101452
202606,11,2,1,107219
202607,11,2,1,123690
202608,11,2,1,118515
202601,12,2,1,53059
202602,12,2,1,41396
202603,12,2,1,46223
202604,12,2,1,45297
202605,12,2,1,47448
202606,12,2,1,45586
202607,12,2,1,55041
202608,12,2,1,51130
202601,13,2,1,7202
202602,13,2,1,6003
202603,13,2,1,6087
202604,13,2,1,6688
202605,13,2,1,6644
202606,13,2,1,6182
202607,13,2,1,9028
202608,13,2,1,7180
202601,14,2,1,4820
202602,14,2,1,7591
202603,14,2,1,10010
202604,14,2,1,10401
202605,14,2,1,10317
202606,14,2,1,12136
202607,14,2,1,11971
202608,14,2,1,12254
202601,15,2,1,43304
202602,15,2,1,37692
202603,15,2,1,48951
202604,15,2,1,55385
202605,15,2,1,46878
202606,15,2,1,43015
202607,15,2,1,38336
202608,15,2,1,35472
202601,16,2,1,116438
202602,16,2,1,104407
202603,16,2,1,122098
202604,16,2,1,107776
202605,16,2,1,101689
202606,16,2,1,108595
202607,16,2,1,105761
202608,16,2,1,109360
202601,17,2,1,49929
202602,17,2,1,46479
202603,17,2,1,49040
202604,17,2,1,44127
202605,17,2,1,47369
202606,17,2,1,51194
202607,17,2,1,50204
202608,17,2,1,61156
202601,18,2,1,18
202602,18,2,1,34
202603,18,2,1,14
202604,18,2,1,37
202605,18,2,1,157
202606,18,2,1,143
202607,18,2,1,187
202608,18,2,1,96
202601,19,2,1,86
202602,19,2,1,131
202603,19,2,1,105
202604,19,2,1,86
202605,19,2,1,105
202606,19,2,1,48
202607,19,2,1,50
202608,19,2,1,65
202601,20,2,1,101121
202602,20,2,1,92061
202603,20,2,1,100107
202604,20,2,1,111136
202605,20,2,1,91790
202606,20,2,1,80543
202607,20,2,1,73740
202608,20,2,1,73925
202601,21,2,1,213215
202602,21,2,1,175792
202603,21,2,1,207445
202604,21,2,1,195832
202605,21,2,1,159909
202606,21,2,1,160208
202607,21,2,1,166741
202608,21,2,1,166771
202601,22,2,1,2496
202602,22,2,1,2690
202603,22,2,1,2868
202604,22,2,1,2193
202605,22,2,1,3170
202606,22,2,1,2429
202607,22,2,1,1132
202608,22,2,1,1696
202601,23,2,1,1990
202602,23,2,1,1954
202603,23,2,1,2031
202604,23,2,1,2298
202605,23,2,1,2415
202606,23,2,1,2609
202607,23,2,1,2334
202608,23,2,1,2282
202601,24,2,1,2398
202602,24,2,1,1820
202603,24,2,1,2194
202604,24,2,1,2164
202605,24,2,1,2159
202606,24,2,1,2318
202607,24,2,1,2568
202608,24,2,1,2106
202601,25,2,1,537
202602,25,2,1,608
202603,25,2,1,584
202604,25,2,1,628
202605,25,2,1,664
202606,25,2,1,685
202607,25,2,1,666
202608,25,2,1,643
202601,26,2,1,62086
202602,26,2,1,61848
202603,26,2,1,68085
202604,26,2,1,62414
202605,26,2,1,52839
202606,26,2,1,51509
202607,26,2,1,46778
202608,26,2,1,41246
202601,27,2,1,6920
202602,27,2,1,5222
202603,27,2,1,5149
202604,27,2,1,4798
202605,27,2,1,4546
202606,27,2,1,5677
202607,27,2,1,5890
202608,27,2,1,5320
202601,28,2,1,49595
202602,28,2,1,41046
202603,28,2,1,40789
202604,28,2,1,41731
202605,28,2,1,40686
202606,28,2,1,41493
202607,28,2,1,44471
202608,28,2,1,46587
202601,29,2,1,88296
202602,29,2,1,75471
202603,29,2,1,97292
202604,29,2,1,94142
202605,29,2,1,85782
202606,29,2,1,74774
202607,29,2,1,82107
202608,29,2,1,82913
202601,30,2,1,672
202602,30,2,1,536
202603,30,2,1,616
202604,30,2,1,590
202605,30,2,1,624
202606,30,2,1,635
202607,30,2,1,626
202608,30,2,1,594
202601,31,2,1,187169
202602,31,2,1,172253
202603,31,2,1,152619
202604,31,2,1,143532
202605,31,2,1,124577
202606,31,2,1,161738
202607,31,2,1,170060
202608,31,2,1,154064
202601,32,2,1,55869
202602,32,2,1,52192
202603,32,2,1,55971
202604,32,2,1,54332
202605,32,2,1,56047
202606,32,2,1,52373
202607,32,2,1,62970
202608,32,2,1,53141
202601,33,2,1,2979
202602,33,2,1,2739
202603,33,2,1,2860
202604,33,2,1,2714
202605,33,2,1,2602
202606,33,2,1,2748
202607,33,2,1,2892
202608,33,2,1,2893
202601,8,2,1,1300
202602,8,2,1,1353
202603,8,2,1,932
202604,8,2,1,922
202605,8,2,1,953
202606,8,2,1,1200
202607,8,2,1,1189
202608,8,2,1,1136
202601,35,2,1,16723
202602,35,2,1,14250
202603,35,2,1,14272
202604,35,2,1,17760
202605,35,2,1,16203
202606,35,2,1,14905
202607,35,2,1,18262
202608,35,2,1,16423
202601,34,2,1,235721
202602,34,2,1,233255
202603,34,2,1,256856
202604,34,2,1,309375
202605,34,2,1,302911
202606,34,2,1,240875
202607,34,2,1,195990
202608,34,2,1,179563
202601,36,2,1,81195
202602,36,2,1,81482
202603,36,2,1,88876
202604,36,2,1,86854
202605,36,2,1,92096
202606,36,2,1,96838
202607,36,2,1,89700
202608,36,2,1,62952
