maker_raw,maker_name,parent_group
A-1 SUREJA INDUSTRIES,A-1 Sureja Industries,A-1 Sureja Industries
ABZO MOTORS PVT LTD,Abzo Motors,Abzo Motors
ADISHWAR AUTO RIDE INDIA PVT LTD,Adishwar Auto Ride India,Adishwar Auto Ride India
ADM TECHNOLOGIES PVT. LTD.,Adm Technologies,Adm Technologies
ADRIS ELECTRIC PVT LTD,Adris Electric,Adris Electric
AFTEK MOTORS INDIA PVT LTD,Aftek Motors India,Aftek Motors India
ALTIUS EV TECH PVT LTD,Altius Ev Tech,Altius Ev Tech
AMO MOBILITY SOLUTIONS PVT LTD,Amo Mobility Solutions,Amo Mobility Solutions
AMPERE VEHICLES PRIVATE LIMITED,Ampere (Greaves Electric),Greaves Cotton
AMPERE VEHICLES PVT LTD,Ampere (Greaves Electric),Greaves Cotton
ANCHI MOTORCYCLE (IMPORTER: ECOTRINITY AUTOMOBILE,Anchi Motorcycle (Importer: Ecotrinity Automobile,Anchi Motorcycle (Importer: Ecotrinity Automobile
ANCHI MOTORCYCLE (IMPORTER: EVNEXUS PVT. LTD.),Anchi Motorcycle (Importer: Evnexus ),Anchi Motorcycle (Importer: Evnexus )
ANCHI MOTORCYCLE (IMPORTER: YED ELECTRIC),Anchi Motorcycle (Importer: Yed Electric),Anchi Motorcycle (Importer: Yed Electric)
ANCHI MOTORCYCLE (IMPORTER:HINDUSTAN EV MOTORS),Anchi Motorcycle (Importer:Hindustan Ev Motors),Anchi Motorcycle (Importer:Hindustan Ev Motors)
ANCHI MOTORCYCLE(IMPORTER:GREEN FUEL ALTERNATIVES),Anchi Motorcycle(Importer:Green Fuel Alternatives),Anchi Motorcycle(Importer:Green Fuel Alternatives)
APEIRON MOBILITY PVT LTD,Apeiron Mobility,Apeiron Mobility
ASHNNI MOTORS PVT LTD,Ashnni Motors,Ashnni Motors
ATHER ENERGY LTD,Ather Energy,Ather Energy
ATOMEX E-MOTORS INDIA PVT LTD,Atomex E-Motors India,Atomex E-Motors India
ATUMOBILE PVT LTD,Atumobile,Atumobile
AYAAN ELECTRONIC PVT LTD,Ayaan Electronic,Ayaan Electronic
BAILI MOTOR (IMPORTER:A B MOTOSS EV PVT LTD),Baili Motor (Importer:A B Motoss Ev ),Baili Motor (Importer:A B Motoss Ev )
BAJAJ AUTO LTD,Bajaj Auto,Bajaj Auto
BATTRE ELECTRIC MOBLITY PVT LTD,Battre Electric Moblity,Battre Electric Moblity
BENLING INDIA ENERGY AND TECHNOLOGY PVT LTD,Benling India Energy And Technology,Benling India Energy And Technology
BGAUSS AUTO PRIVATE LIMITED,BGauss,BGauss
BLIX CYCLES AND E-VEHICLES PVT LTD,Blix Cycles And E-Vehicles,Blix Cycles And E-Vehicles
BMR EV INDUSTRIES PVT LTD,Bmr Ev Industries,Bmr Ev Industries
BMW INDIA PVT LTD,Bmw India,Bmw India
BOOMA INNOVATIVE TRANSPORT SULUTIONS PVT LTD,Booma Innovative Transport Sulutions,Booma Innovative Transport Sulutions
BOUNCE ELECTRIC 1 PVT LTD,Bounce Electric 1,Bounce Electric 1
BU4 AUTO PVT LTD,Bu4 Auto,Bu4 Auto
CHANDANA CORPORATION,Chandana Corporation,Chandana Corporation
CHETAK TECHNOLOGY LIMITED,Bajaj Auto,Bajaj Auto
CHINA HAOCHEN (IMPORTER: ADMS MARKETING),China Haochen (Importer: Adms Marketing),China Haochen (Importer: Adms Marketing)
CHINA HAOCHEN (IMPORTER:SLSR ELECTRO),China Haochen (Importer:Slsr Electro),China Haochen (Importer:Slsr Electro)
CHONGQING CHARMING (IMPORTER: AYAAN ELECTRONICS).,Chongqing Charming (Importer: Ayaan Electronics),Chongqing Charming (Importer: Ayaan Electronics)
CORRIT ELECTRIC PVT LTD,Corrit Electric,Corrit Electric
DAO EVTECH PRIVATE LIMITED,Dao Evtech,Dao Evtech
DELTA AUTOCORP LTD,Delta Autocorp,Delta Autocorp
DONGMA VEHICLE (IMPORTER: MERCURY METALS),Dongma Vehicle (Importer: Mercury Metals),Dongma Vehicle (Importer: Mercury Metals)
DURGA FILTERS PVT LTD,Durga Filters,Durga Filters
E ROYCE MOTORS INDIA PVT LTD,E Royce Motors India,E Royce Motors India
E-ASHWA AUTOMOTIVE (HS 2W) PVT LTD,E-Ashwa Automotive (Hs 2W),E-Ashwa Automotive (Hs 2W)
E-SPRINTO GREEN ENERGY PVT LTD,E-Sprinto Green Energy,E-Sprinto Green Energy
ECOBIT INTERNATIONAL(IMPORTER: JHEV MOTORS),Ecobit International(Importer: Jhev Motors),Ecobit International(Importer: Jhev Motors)
ECOPLANET MOTORS PVT LTD,Ecoplanet Motors,Ecoplanet Motors
ELECTRECA VEHICLES,Electreca Vehicles,Electreca Vehicles
ELECTRIC ALLIANCE(IMPORTER: ELLYSIUM AUTOMOTIVES),Electric Alliance(Importer: Ellysium Automotives),Electric Alliance(Importer: Ellysium Automotives)
ELECTROTHERM (INDIA) LIMITED,Electrotherm (India),Electrotherm (India)
ELEGO MOTORS PVT LTD,Elego Motors,Elego Motors
ELTHOR ENERGY PRIVATE LIMITED,Elthor Energy,Elthor Energy
EMOBI MANUFACTURY PRIVATE LIMITED,Emobi Manufactury,Emobi Manufactury
ENGTIAN ELECTRIC BIKE PVT LTD,Engtian Electric Bike,Engtian Electric Bike
ENIGMA AUTOMOBILES PVT LTD,Enigma Automobiles,Enigma Automobiles
ESSEL ENERGY INFRA PVT LTD,Essel Energy Infra,Essel Energy Infra
EVTRIC MOTORS PVT LTD,Evtric Motors,Evtric Motors
EXERVAL PVT LTD,Exerval,Exerval
EXTREME MOTORS,Extreme Motors,Extreme Motors
EYAMAUTO MOBILITY PVT LTD,Eyamauto Mobility,Eyamauto Mobility
FIADO INDUSTRIES PVT LTD,Fiado Industries,Fiado Industries
FSTMOTO (IMPORTER: AUTOICARE INNOVATION),Fstmoto (Importer: Autoicare Innovation),Fstmoto (Importer: Autoicare Innovation)
FSTMOTO INTERNATIONAL (IMPORTER: TEDI (INDIA)),Fstmoto International (Importer: Tedi (India)),Fstmoto International (Importer: Tedi (India))
FUJIYAMA POWER INFRA PVT. LTD.,Fujiyama Power Infra,Fujiyama Power Infra
GAURA ELECTRIC VEHICLES PVT LTD,Gaura Electric Vehicles,Gaura Electric Vehicles
GO GREEN EOT (ENERGY OF THINGS) PVT LTD,Go Green Eot (Energy Of Things),Go Green Eot (Energy Of Things)
GODAWARI ELECTRIC MOTORS PVT LTD,Godawari Electric Motors,Godawari Electric Motors
GOGORO (IMPORTER: GOGORO INDIA PRIVATE LTD),Gogoro (Importer: Gogoro India ),Gogoro (Importer: Gogoro India )
GOGORO INDIA PVT LTD,Gogoro India,Gogoro India
GOLDENLION (IMPORTER:ELLYSIUM AUTOMOTIVES PVT LTD),Goldenlion (Importer:Ellysium Automotives ),Goldenlion (Importer:Ellysium Automotives )
GOREEN E-MOBILITY PVT LTD,Goreen E-Mobility,Goreen E-Mobility
GOWITH GREEN E-VEHICLES PVT LTD,Gowith Green E-Vehicles,Gowith Green E-Vehicles
GRAVTON MOTORS PVT LTD,Gravton Motors,Gravton Motors
GREAVES ELECTRIC MOBILITY LTD,Ampere (Greaves Electric),Greaves Cotton
GREEN FUEL ALTERNATIVES PVT LTD,Green Fuel Alternatives,Green Fuel Alternatives
GUANGXI MEIBAO(IMPORTER: DYNAMO ELECTRIC),Guangxi Meibao(Importer: Dynamo Electric),Guangxi Meibao(Importer: Dynamo Electric)
HAYASA E-MOBILITY (INDIA) PVT LTD,Hayasa E-Mobility (India),Hayasa E-Mobility (India)
HERO ELECTRIC VEHICLE PVT LTD,Hero Electric,Hero Electric
HERO ELECTRIC VEHICLES PVT. LTD,Hero Electric,Hero Electric
HERO HONDA MOTORS LTD,Hero Honda Motors,Hero Honda Motors
HERO MOTOCORP LTD,Hero MotoCorp (Vida),Hero MotoCorp
HOMFEEL VEGH AUTOMOBILES PVT LTD,Homfeel Vegh Automobiles,Homfeel Vegh Automobiles
HONDA MOTORCYCLE AND SCOOTER INDIA (P) LTD,Honda,Honda
HONGKONG RUIQUE (IMPORTER: DAO EVTECH),Hongkong Ruique (Importer: Dao Evtech),Hongkong Ruique (Importer: Dao Evtech)
HONGKONG WANGYUAN (IMPORTER: GBB E MOBILITY),Hongkong Wangyuan (Importer: Gbb E Mobility),Hongkong Wangyuan (Importer: Gbb E Mobility)
HONGKONG WANGYUAN (IMPORTER: RAKHEJA INDUSTRIES),Hongkong Wangyuan (Importer: Rakheja Industries),Hongkong Wangyuan (Importer: Rakheja Industries)
HONGKONG WANGYUAN (IMPORTER:INDI ELECTRIC EELS),Hongkong Wangyuan (Importer:Indi Electric Eels),Hongkong Wangyuan (Importer:Indi Electric Eels)
HONGKONG WANGYUAN (IMPORTER:POWERTRANS MOBILITY),Hongkong Wangyuan (Importer:Powertrans Mobility),Hongkong Wangyuan (Importer:Powertrans Mobility)
HONGKONG YIXING (IMPORTER: ADMS MARKETING),Hongkong Yixing (Importer: Adms Marketing),Hongkong Yixing (Importer: Adms Marketing)
HONGKONG YIXING (IMPORTER: KKL HITECH EV),Hongkong Yixing (Importer: Kkl Hitech Ev),Hongkong Yixing (Importer: Kkl Hitech Ev)
HONGKONG YIXING (IMPORTER: VICTORY ELECTRIC),Hongkong Yixing (Importer: Victory Electric),Hongkong Yixing (Importer: Victory Electric)
HOP ELECTRIC MOBILITY PVT LTD,Hop Electric Mobility,Hop Electric Mobility
HOUSTAN INNOVATION LLP,Houstan Innovation,Houstan Innovation
HSU DRAGON (IMPORTER: BMR ELECTRIC),Hsu Dragon (Importer: Bmr Electric),Hsu Dragon (Importer: Bmr Electric)
HSU DRAGON (IMPORTER: BMR EV INDUSTRIES),Hsu Dragon (Importer: Bmr Ev Industries),Hsu Dragon (Importer: Bmr Ev Industries)
HSU DRAGON (IMPORTER: DARK FIGHT POWER PVT LTD),Hsu Dragon (Importer: Dark Fight Power ),Hsu Dragon (Importer: Dark Fight Power )
HSU DRAGON (IMPORTER: HUMAN CENTERED),Hsu Dragon (Importer: Human Centered),Hsu Dragon (Importer: Human Centered)
HSU DRAGON (IMPORTER:SKANDAA AUTOMOTIVE),Hsu Dragon (Importer:Skandaa Automotive),Hsu Dragon (Importer:Skandaa Automotive)
IGOWISE MOBILITY PVT LTD,Igowise Mobility,Igowise Mobility
INDIA YAMAHA MOTOR PVT LTD,India Yamaha Motor,India Yamaha Motor
IRA EDUTECH PVT LTD,Ira Edutech,Ira Edutech
ISUZU MOTORS INDIA PVT LTD,Isuzu Motors India,Isuzu Motors India
IVOOMI INNOVATION PVT LTD,Ivoomi Innovation,Ivoomi Innovation
IZANAU ELECTRIC LLP,Izanau Electric,Izanau Electric
J K AGRO INDUSTRIES,J K Agro Industries,J K Agro Industries
J. S. AUTO (P) LTD,J. S. Auto,J. S. Auto
JEEVAA E-BIKE MFG PVT LTD,Jeevaa E-Bike Mfg,Jeevaa E-Bike Mfg
JIANGSU AIMA (IMPORTER: FUTURE EV),Jiangsu Aima (Importer: Future Ev),Jiangsu Aima (Importer: Future Ev)
JIANGSU AIMA (IMPORTER: QUANTUM ENERGY),Jiangsu Aima (Importer: Quantum Energy),Jiangsu Aima (Importer: Quantum Energy)
JIANGSU DALONG (IMPORTER: ENGTIAN ELECTRIC),Jiangsu Dalong (Importer: Engtian Electric),Jiangsu Dalong (Importer: Engtian Electric)
JIANGSU DALONG (IMPORTER: KINGCHE MOBILITY),Jiangsu Dalong (Importer: Kingche Mobility),Jiangsu Dalong (Importer: Kingche Mobility)
JIANGSU DALONG (IMPORTER: RILOX EV PVT LTD),Jiangsu Dalong (Importer: Rilox Ev ),Jiangsu Dalong (Importer: Rilox Ev )
JIANGSU DALONG (IMPORTER: SABOO TOR),Jiangsu Dalong (Importer: Saboo Tor),Jiangsu Dalong (Importer: Saboo Tor)
JIANGSU DALONG (IMPORTER:TYLOS ELECTRIC VEHICLES),Jiangsu Dalong (Importer:Tylos Electric Vehicles),Jiangsu Dalong (Importer:Tylos Electric Vehicles)
JIANGSU DALONG JIANHAO (IMPORTER: GREEN INDIA),Jiangsu Dalong Jianhao (Importer: Green India),Jiangsu Dalong Jianhao (Importer: Green India)
JIANGSU DALONG JIANHAO (IMPORTER: MK FLYING),Jiangsu Dalong Jianhao (Importer: Mk Flying),Jiangsu Dalong Jianhao (Importer: Mk Flying)
JIANGSU GUOWEI (IMPORTER: REVEAL ELECTRIC),Jiangsu Guowei (Importer: Reveal Electric),Jiangsu Guowei (Importer: Reveal Electric)
JIANGSU GUOWEI (IMPORTER:ELECTRO-TECH),Jiangsu Guowei (Importer:Electro-Tech),Jiangsu Guowei (Importer:Electro-Tech)
JIANGSU JINPENG (IMPORTER:RAFT MOTORS P. LTD),Jiangsu Jinpeng (Importer:Raft Motors P. ),Jiangsu Jinpeng (Importer:Raft Motors P. )
JIANGSU SUNHOU (IMPORTER: KAGDI TECH SOLUTIONS),Jiangsu Sunhou (Importer: Kagdi Tech Solutions),Jiangsu Sunhou (Importer: Kagdi Tech Solutions)
JIANGSU SUNHOU (IMPORTER: SABOO TOR),Jiangsu Sunhou (Importer: Saboo Tor),Jiangsu Sunhou (Importer: Saboo Tor)
JIANGSU XINRI (IMPORTER: ECO FUEL SYSTEMS LTD),Jiangsu Xinri (Importer: Eco Fuel Systems ),Jiangsu Xinri (Importer: Eco Fuel Systems )
JIANGSU XINRI (IMPORTER: NISIKI TECHNOLOGIES),Jiangsu Xinri (Importer: Nisiki Technologies),Jiangsu Xinri (Importer: Nisiki Technologies)
JIANGSU XINRI E-VEHICLE(IMPORTER SWIFT CUR.TECH.),Jiangsu Xinri E-Vehicle(Importer Swift Cur.Tech.),Jiangsu Xinri E-Vehicle(Importer Swift Cur.Tech.)
JIANGSU ZHEENAIDA (IMPORTER: KLB GLOBAL),Jiangsu Zheenaida (Importer: Klb Global),Jiangsu Zheenaida (Importer: Klb Global)
JIANGSU ZHONGXING (IMPORTER:SKANDAA AUTOMOTIVE),Jiangsu Zhongxing (Importer:Skandaa Automotive),Jiangsu Zhongxing (Importer:Skandaa Automotive)
JINDAL MOBILITRIC PVT LTD,Jindal Mobilitric,Jindal Mobilitric
JITENDRA ENGINEERING,Jitendra Engineering,Jitendra Engineering
JITENDRA NEW EV-TECH PVT. LTD,Jitendra New Ev-Tech,Jitendra New Ev-Tech
JUNENG MOTORCYCLE (IMPORTER: ADMS MARKETING),Juneng Motorcycle (Importer: Adms Marketing),Juneng Motorcycle (Importer: Adms Marketing)
JUNENG MOTORCYCLE (IMPORTER: ISCOOT MOTERS),Juneng Motorcycle (Importer: Iscoot Moters),Juneng Motorcycle (Importer: Iscoot Moters)
JUNENG MOTORCYCLE (IMPORTER: JHEV MOTORS PVT LTD),Juneng Motorcycle (Importer: Jhev Motors ),Juneng Motorcycle (Importer: Jhev Motors )
JUNENG MOTORCYCLE TECH. (IMPORTER: DELTA AUTOCORP),Juneng Motorcycle Tech. (Importer: Delta Autocorp),Juneng Motorcycle Tech. (Importer: Delta Autocorp)
JVK MOTORS PVT LTD,Jvk Motors,Jvk Motors
KABIRA MOBILITY LLP,Kabira Mobility,Kabira Mobility
KAINING (HONGKONG) (IMPORTER: BEST EV MOBILITY),Kaining (Hongkong) (Importer: Best Ev Mobility),Kaining (Hongkong) (Importer: Best Ev Mobility)
KAINING (HONGKONG) (IMPORTER: BMR EV INDUSTRIES),Kaining (Hongkong) (Importer: Bmr Ev Industries),Kaining (Hongkong) (Importer: Bmr Ev Industries)
KAINING (HONGKONG) (IMPORTER: COMPTECH MOTOCORP),Kaining (Hongkong) (Importer: Comptech Motocorp),Kaining (Hongkong) (Importer: Comptech Motocorp)
KAINING (HONGKONG) (IMPORTER: ENERGY AUTOMOBILE),Kaining (Hongkong) (Importer: Energy Automobile),Kaining (Hongkong) (Importer: Energy Automobile)
KAINING (HONGKONG) (IMPORTER: ENIGMA AUTOMOBILES),Kaining (Hongkong) (Importer: Enigma Automobiles),Kaining (Hongkong) (Importer: Enigma Automobiles)
KAINING (HONGKONG) (IMPORTER: SEEKA E MOTORS),Kaining (Hongkong) (Importer: Seeka E Motors),Kaining (Hongkong) (Importer: Seeka E Motors)
KAINING (HONGKONG) (IMPORTER: TOXMO ELECTRIC),Kaining (Hongkong) (Importer: Toxmo Electric),Kaining (Hongkong) (Importer: Toxmo Electric)
KAINING (HONGKONG) (IMPORTER: VOLTA EV PVT LTD),Kaining (Hongkong) (Importer: Volta Ev ),Kaining (Hongkong) (Importer: Volta Ev )
KAINING (HONGKONG) (IMPORTER:M/S IZANAU ELECTRIC),Kaining (Hongkong) (Importer:M/S Izanau Electric),Kaining (Hongkong) (Importer:M/S Izanau Electric)
KAINING (HONGKONG) (IMPORTER:RAILIES MOTO),Kaining (Hongkong) (Importer:Railies Moto),Kaining (Hongkong) (Importer:Railies Moto)
KAINING (HONGKONG)(IMPORTER: TRIVOLT AUTOMOBILES),Kaining (Hongkong)(Importer: Trivolt Automobiles),Kaining (Hongkong)(Importer: Trivolt Automobiles)
KAINING (HONGKONG)(IMPORTER: VARNIKYUG INT),Kaining (Hongkong)(Importer: Varnikyug Int),Kaining (Hongkong)(Importer: Varnikyug Int)
KAINING (IMPORTER: MANTRA INTERNATIONAL),Kaining (Importer: Mantra International),Kaining (Importer: Mantra International)
KINETIC GREEN ENERGY & POWER SOLUTIONS LTD,Kinetic Green,Kinetic Green
KINETIC GREEN ENERGY P SOL LTD,Kinetic Green Energy P Sol,Kinetic Green Energy P Sol
KINETIC MOTOR COMPANY LIMITED,Kinetic Motor Company,Kinetic Motor Company
KINETIC WATTS AND VOLTS LTD,Kinetic Watts And Volts,Kinetic Watts And Volts
KLB KOMAKI PVT LTD,Klb Komaki,Klb Komaki
KYTE ENERGY PVT. LTD.,Kyte Energy,Kyte Energy
LECTRIX E VEHICLES PVT LTD,Lectrix E Vehicles,Lectrix E Vehicles
LI-IONS ELEKTRIK SOLUTIONS PVT LTD,Li-Ions Elektrik Solutions,Li-Ions Elektrik Solutions
LIMA VEHICLE (IMPORTER: SARAOGI E-VENTURES),Lima Vehicle (Importer: Saraogi E-Ventures),Lima Vehicle (Importer: Saraogi E-Ventures)
LIMA VEHICLE GROUP(IMPORTER: ROUTE & MARS EV LLP),Lima Vehicle Group(Importer: Route & Mars Ev ),Lima Vehicle Group(Importer: Route & Mars Ev )
LORDS AUTOMATIVE PVT LTD,Lords Automative,Lords Automative
LUQI INTELLGENT (IMPORTER: ECOTRINITY AUTOMOBILES,Luqi Intellgent (Importer: Ecotrinity Automobiles,Luqi Intellgent (Importer: Ecotrinity Automobiles
M2GO ELECTRIC VEHICLE PVT LTD,M2Go Electric Vehicle,M2Go Electric Vehicle
MAA LUXMI E-VEHICLES PVT. LTD.,Maa Luxmi E-Vehicles,Maa Luxmi E-Vehicles
MAC INTERNATIONAL (IMPORTER: JHEV MOTORS PVT LTD),Mac International (Importer: Jhev Motors ),Mac International (Importer: Jhev Motors )
MAC INTERNATIONAL (IMPORTER: SUNDAK SOLAR),Mac International (Importer: Sundak Solar),Mac International (Importer: Sundak Solar)
MAC INTERNATIONAL (IMPORTER:HONESTY),Mac International (Importer:Honesty),Mac International (Importer:Honesty)
MAGNIOUS E MOBILITY PVT LTD,Magnious E Mobility,Magnious E Mobility
MARUTHISAN PVT LTD,Maruthisan,Maruthisan
MATTER MOTOR WORKS PVT LTD,Matter Motor Works,Matter Motor Works
MAULIRAJ INDUSTRIES LLP,Mauliraj Industries,Mauliraj Industries
MECPOWER MOBILITY PVT. LTD.,Mecpower Mobility,Mecpower Mobility
MERCURY EV TECH LTD,Mercury Ev Tech,Mercury Ev Tech
MEW ELECTRICALS LIMITED,Mew Electricals,Mew Electricals
MICROAUTOTECH PVT. LTD.,Microautotech,Microautotech
MIRAKLE 5 AUTOMOBILES PVT LTD,Mirakle 5 Automobiles,Mirakle 5 Automobiles
MLR MOTORS LTD,Mlr Motors,Mlr Motors
MODIKA INTERNATIONAL (IMPORTER: FRANKLIN EV),Modika International (Importer: Franklin Ev),Modika International (Importer: Franklin Ev)
MOTOVOLT MOBILITY PVT LTD,Motovolt Mobility,Motovolt Mobility
NANJING VMOTO (IMPORTER: FORTUNEV),Nanjing Vmoto (Importer: Fortunev),Nanjing Vmoto (Importer: Fortunev)
NANJING VMOTO (IMPORTER: VAJRAM ELECTRIC MOBILITY),Nanjing Vmoto (Importer: Vajram Electric Mobility),Nanjing Vmoto (Importer: Vajram Electric Mobility)
NDS ECO MOTORS PVT LTD,Nds Eco Motors,Nds Eco Motors
NIA EV MOTORS PVT LTD,Nia Ev Motors,Nia Ev Motors
NINGBO SANJIANG (IMPORTER: SMARTNK ELECTRIC),Ningbo Sanjiang (Importer: Smartnk Electric),Ningbo Sanjiang (Importer: Smartnk Electric)
NINGBO SANJIANG (IMPORTER: VABRO EVTECH),Ningbo Sanjiang (Importer: Vabro Evtech),Ningbo Sanjiang (Importer: Vabro Evtech)
NISIKI TECHNOLOGIES PVT LTD,Nisiki Technologies,Nisiki Technologies
NUMEROS MOTORS PVT LTD,Numeros Motors,Numeros Motors
OBEN ELECTRIC VEHICLES PVT LTD,Oben Electric Vehicles,Oben Electric Vehicles
ODYSSE ELECTRIC VEHICLES PVT LTD,Odysse Electric Vehicles,Odysse Electric Vehicles
OKAYA POWER PVT LTD,Okaya Power,Okaya Power
OKINAWA AUTOTECH PVT LTD,Okinawa,Okinawa
OLA ELECTRIC TECHNOLOGIES PVT LTD,Ola Electric,Ola Electric
OMJAY EV LIMITED,Omjay Ev,Omjay Ev
OPG MOBILITY AND POWER PVT LTD,Opg Mobility And Power,Opg Mobility And Power
ORA GROUP (IMPORTER: VAKRA TUNDAYA NAMAHA PVT LTD),Ora Group (Importer: Vakra Tundaya Namaha ),Ora Group (Importer: Vakra Tundaya Namaha )
OTHERS,Others (Vahan),Others (Vahan)
OZOTEC AUTOMOBILE PRIVATE LIMITED,Ozotec Automobile,Ozotec Automobile
PORFITEL TECHNOLOGY (IMPORTER: AERORIDE),Porfitel Technology (Importer: Aeroride),Porfitel Technology (Importer: Aeroride)
PORWAL ELECTRIC,Porwal Electric,Porwal Electric
PUR ENERGY PVT LTD,PURE EV,PURE EV
QIANJIANG-KEEWAY (IMPORTER: ADISHWAR AUTO),Qianjiang-Keeway (Importer: Adishwar Auto),Qianjiang-Keeway (Importer: Adishwar Auto)
QICHENG VEHICLE (IMPORTER: AUTOICARE INNOVATION),Qicheng Vehicle (Importer: Autoicare Innovation),Qicheng Vehicle (Importer: Autoicare Innovation)
QOOKEE TECHNOLOGIES (IMPORTER:VIKEBIKE INDIA),Qookee Technologies (Importer:Vikebike India),Qookee Technologies (Importer:Vikebike India)
QUANTUM ENERGY LTD.,Quantum Energy,Quantum Energy
RAPTEE ENERGY PVT LTD,Raptee Energy,Raptee Energy
REGENERATION E BIKES,Regeneration E Bikes,Regeneration E Bikes
REVOLT INTELLICORP PVT LTD,Revolt,Revolt
RGM BUSINESS PLUS PVT LTD,Rgm Business Plus,Rgm Business Plus
RIVER MOBILITY PVT LTD,River,River
RIVOT MOTORS INDIA PVT LTD,Rivot Motors India,Rivot Motors India
ROWWET MOBILITY PVT LTD,Rowwet Mobility,Rowwet Mobility
ROYAL-ENFIELD (UNIT OF EICHER LTD),Royal-Enfield (Unit Of Eicher ),Royal-Enfield (Unit Of Eicher )
SAI SAMEER POWER ELECTRIC VEHICLES PVT LTD,Sai Sameer Power Electric Vehicles,Sai Sameer Power Electric Vehicles
SBTEK E MOTO PVT LTD,Sbtek E Moto,Sbtek E Moto
SEEKA E MOTORS PVT LTD,Seeka E Motors,Seeka E Motors
SHEMA E- VEHCILE & SOLAR PVT LTD,Shema E- Vehcile & Solar,Shema E- Vehcile & Solar
SIMPLEENERGY PVT LTD,Simpleenergy,Simpleenergy
SMAP VEHICLES (IMPORTER: ELEGO MOTORS),Smap Vehicles (Importer: Elego Motors),Smap Vehicles (Importer: Elego Motors)
SMARDA INDUSTRY (IMPORTER: RHYNO),Smarda Industry (Importer: Rhyno),Smarda Industry (Importer: Rhyno)
SOKUDO ELECTRIC INDIA PVT LTD,Sokudo Electric India,Sokudo Electric India
SRIVARU MOTORS PVT LTD,Srivaru Motors,Srivaru Motors
SRIVIJAY E-VEHICLES PVT LTD,Srivijay E-Vehicles,Srivijay E-Vehicles
SUMEC CO LTD (IMPORTER: ROUTE & MARS EV LLP),Sumec Co (Importer: Route & Mars Ev ),Sumec Co (Importer: Route & Mars Ev )
SUPERECO AUTOMOTIVE CO,Supereco Automotive Co,Supereco Automotive Co
SUPERECO AUTOMOTIVE CO LLP,Supereco Automotive Co,Supereco Automotive Co
SUPERTECH EV LIMITED,Supertech Ev,Supertech Ev
SUREJA AUTO INDUSTRIES,Sureja Auto Industries,Sureja Auto Industries
SUZUKI MOTORCYCLE INDIA PVT LTD,Suzuki,Suzuki
SVITCH MOTOCORP PVT LTD,Svitch Motocorp,Svitch Motocorp
TAIZHOU CITY (IMPORTER: NXTMOBILITY ENERGY),Taizhou City (Importer: Nxtmobility Energy),Taizhou City (Importer: Nxtmobility Energy)
THUKRAL ELECTRIC BIKES PVT LTD,Thukral Electric Bikes,Thukral Electric Bikes
TORK MOTORS PVT LTD,Tork Motors,Tork Motors
TUNWAL E MOTORS PVT LTD,Tunwal E Motors,Tunwal E Motors
TVS MOTOR COMPANY LTD,TVS Motor,TVS Motor
TYST DRIVE INDIA PVT LTD,Tyst Drive India,Tyst Drive India
UK MODEN (IMPORTER: ELTHOR EV PVT LTD),Uk Moden (Importer: Elthor Ev ),Uk Moden (Importer: Elthor Ev )
ULTRAVIOLETTE AUTOMOTIVE PVT LTD,Ultraviolette Automotive,Ultraviolette Automotive
VARCAS AUTOMOBILES PVT LTD,Varcas Automobiles,Varcas Automobiles
VELOCIFERO (IMPORTER: KAWVELOCE MOTORS PVT LTD),Velocifero (Importer: Kawveloce Motors ),Velocifero (Importer: Kawveloce Motors )
VINTAGE VEHICLES,Vintage Vehicles,Vintage Vehicles
WARDWIZARD INNOVATIONS & MOBILITY LIMITED,Wardwizard Innovations & Mobility,Wardwizard Innovations & Mobility
WARIVO MOTOR INDIA PVT LTD,Warivo Motor India,Warivo Motor India
WHITE CARBON MOTORS PVT LTD,White Carbon Motors,White Carbon Motors
WUXI DAYANG (IMPORTER: MOVAENERGY PRIVATE LIMITED),Wuxi Dayang (Importer: Movaenergy ),Wuxi Dayang (Importer: Movaenergy )
WUXI DAYANG ELECTRIC (IMPORTER: ABZO MOTORS),Wuxi Dayang Electric (Importer: Abzo Motors),Wuxi Dayang Electric (Importer: Abzo Motors)
WUXI DONGMA (IMPORTER: DYNAM PRECISION),Wuxi Dongma (Importer: Dynam Precision),Wuxi Dongma (Importer: Dynam Precision)
WUXI JIYAYI (IMPORTER: IZANAU ELECTRIC LLP),Wuxi Jiyayi (Importer: Izanau Electric ),Wuxi Jiyayi (Importer: Izanau Electric )
WUXI MAYA (IMPORTER: DYNAMO ELECTRIC P. LTD.),Wuxi Maya (Importer: Dynamo Electric P. ),Wuxi Maya (Importer: Dynamo Electric P. )
WUXI MDKA NEW ENERGY (IMPORTER: HESTUR ENERGY),Wuxi Mdka New Energy (Importer: Hestur Energy),Wuxi Mdka New Energy (Importer: Hestur Energy)
WUXI NOOMA (IMPORTER: KKL HITECH EV),Wuxi Nooma (Importer: Kkl Hitech Ev),Wuxi Nooma (Importer: Kkl Hitech Ev)
WUXI NOOMA (IMPORTER: SMARTNK ELECTRIC VEHICLE),Wuxi Nooma (Importer: Smartnk Electric Vehicle),Wuxi Nooma (Importer: Smartnk Electric Vehicle)
WUXI SAIGE (IMPORTER: CITIZEN CARE),Wuxi Saige (Importer: Citizen Care),Wuxi Saige (Importer: Citizen Care)
WUXI SAIGE (IMPORTER: DM GREEN ENERGY),Wuxi Saige (Importer: Dm Green Energy),Wuxi Saige (Importer: Dm Green Energy)
WUXI SAIGE (IMPORTER: E-VISHWA ELECTOBIKE),Wuxi Saige (Importer: E-Vishwa Electobike),Wuxi Saige (Importer: E-Vishwa Electobike)
WUXI SAIGE (IMPORTER: ELECTRO-TECH),Wuxi Saige (Importer: Electro-Tech),Wuxi Saige (Importer: Electro-Tech)
WUXI SAIGE (IMPORTER: KKL HITECH EV),Wuxi Saige (Importer: Kkl Hitech Ev),Wuxi Saige (Importer: Kkl Hitech Ev)
WUXI SAIGE (IMPORTER: NGAGE IMPEX),Wuxi Saige (Importer: Ngage Impex),Wuxi Saige (Importer: Ngage Impex)
WUXI SAIGE (IMPORTER: WARIVO MOTOR),Wuxi Saige (Importer: Warivo Motor),Wuxi Saige (Importer: Warivo Motor)
WUXI SAIGE (IMPORTER: ZELIO AUTO PVT.LTD.),Wuxi Saige (Importer: Zelio Auto ),Wuxi Saige (Importer: Zelio Auto )
WUXI SAIGE ELECTRIC (IMPORTER: DELTA AUTOCORP LLP),Wuxi Saige Electric (Importer: Delta Autocorp ),Wuxi Saige Electric (Importer: Delta Autocorp )
WUXI SAIGE ELECTRIC (IMPORTER: GLORIOUS DIGITAL),Wuxi Saige Electric (Importer: Glorious Digital),Wuxi Saige Electric (Importer: Glorious Digital)
WUXI SHENGBAO (IMPORTER:ELECTRIC ONE ENERGY),Wuxi Shengbao (Importer:Electric One Energy),Wuxi Shengbao (Importer:Electric One Energy)
WUXI SHENGBAO (IMPORTER:SHEMA E-VEHICLE),Wuxi Shengbao (Importer:Shema E-Vehicle),Wuxi Shengbao (Importer:Shema E-Vehicle)
WUXI TENGHUI (IMPORTER: BOHRE ELECTRIC),Wuxi Tenghui (Importer: Bohre Electric),Wuxi Tenghui (Importer: Bohre Electric)
WUXI TENGHUI (IMPORTER: CAL-ON INDUSTRIES),Wuxi Tenghui (Importer: Cal-On Industries),Wuxi Tenghui (Importer: Cal-On Industries)
WUXI TENGHUI (IMPORTER: FEZORA INDIA),Wuxi Tenghui (Importer: Fezora India),Wuxi Tenghui (Importer: Fezora India)
WUXI TENGHUI (IMPORTER: FLYCON MOTORS),Wuxi Tenghui (Importer: Flycon Motors),Wuxi Tenghui (Importer: Flycon Motors)
WUXI TENGHUI (IMPORTER: FRANKLIN EV INDIA),Wuxi Tenghui (Importer: Franklin Ev India),Wuxi Tenghui (Importer: Franklin Ev India)
WUXI TENGHUI (IMPORTER: HOP ELECTRIC MOBILITY),Wuxi Tenghui (Importer: Hop Electric Mobility),Wuxi Tenghui (Importer: Hop Electric Mobility)
WUXI TENGHUI (IMPORTER: JAIDKA POWER),Wuxi Tenghui (Importer: Jaidka Power),Wuxi Tenghui (Importer: Jaidka Power)
WUXI TENGHUI (IMPORTER: JOZHI SERVICES),Wuxi Tenghui (Importer: Jozhi Services),Wuxi Tenghui (Importer: Jozhi Services)
WUXI TENGHUI (IMPORTER: NXTMOBILITY ENERGY),Wuxi Tenghui (Importer: Nxtmobility Energy),Wuxi Tenghui (Importer: Nxtmobility Energy)
WUXI TENGHUI (IMPORTER: RADHA MOBILITIES LLP),Wuxi Tenghui (Importer: Radha Mobilities ),Wuxi Tenghui (Importer: Radha Mobilities )
WUXI TENGHUI (IMPORTER: RAFT MOTORS LIMITED),Wuxi Tenghui (Importer: Raft Motors ),Wuxi Tenghui (Importer: Raft Motors )
WUXI TENGHUI (IMPORTER: REMARK ELECTRIC),Wuxi Tenghui (Importer: Remark Electric),Wuxi Tenghui (Importer: Remark Electric)
WUXI TENGHUI (IMPORTER: SEEKA E MOTORS),Wuxi Tenghui (Importer: Seeka E Motors),Wuxi Tenghui (Importer: Seeka E Motors)
WUXI TENGHUI (IMPORTER: SUSHAMA MOTORS),Wuxi Tenghui (Importer: Sushama Motors),Wuxi Tenghui (Importer: Sushama Motors)
WUXI TENGHUI INTERNATIONAL (IMPORTER: FEZORA),Wuxi Tenghui International (Importer: Fezora),Wuxi Tenghui International (Importer: Fezora)
WUXI TENGHUI INTERNATIONAL (IMPORTER: FRANKLIN EV),Wuxi Tenghui International (Importer: Franklin Ev),Wuxi Tenghui International (Importer: Franklin Ev)
WUXI TOURWE (IMPORTER: GOREEN E-MOBILITY),Wuxi Tourwe (Importer: Goreen E-Mobility),Wuxi Tourwe (Importer: Goreen E-Mobility)
WUXI YIZHILING (IMPORTER: BMR EV INDUSTRIES),Wuxi Yizhiling (Importer: Bmr Ev Industries),Wuxi Yizhiling (Importer: Bmr Ev Industries)
WUXI YIZHILING (IMPORTER: HOMFEEL VEGH),Wuxi Yizhiling (Importer: Homfeel Vegh),Wuxi Yizhiling (Importer: Homfeel Vegh)
XIDAA MOTO PVT LTD,Xidaa Moto,Xidaa Moto
YADEA TECHNOLOGY (IMPORTER: YULU BIKES),Yadea Technology (Importer: Yulu Bikes),Yadea Technology (Importer: Yulu Bikes)
YANGGUANG LINGMU (IMPORTER: DAWNGATE BUSINESS),Yangguang Lingmu (Importer: Dawngate Business),Yangguang Lingmu (Importer: Dawngate Business)
YANGGUANG LINGMU (IMPORTER: DURGA FILTERS),Yangguang Lingmu (Importer: Durga Filters),Yangguang Lingmu (Importer: Durga Filters)
YANGGUANG LINGMU (IMPORTER: ECOINDIA),Yangguang Lingmu (Importer: Ecoindia),Yangguang Lingmu (Importer: Ecoindia)
YANGGUANG LINGMU (IMPORTER: FLYCON MOTORS),Yangguang Lingmu (Importer: Flycon Motors),Yangguang Lingmu (Importer: Flycon Motors)
YANGGUANG LINGMU (IMPORTER: REMARK ELECTRIC),Yangguang Lingmu (Importer: Remark Electric),Yangguang Lingmu (Importer: Remark Electric)
YANGGUANG LINGMU (IMPORTER: XWLS ELECTRIC),Yangguang Lingmu (Importer: Xwls Electric),Yangguang Lingmu (Importer: Xwls Electric)
YOUYAKU ELECTRIC (IMPORTER: HAYASA E-MOBILITY),Youyaku Electric (Importer: Hayasa E-Mobility),Youyaku Electric (Importer: Hayasa E-Mobility)
YOUYAKU ELECTRIC (IMPORTER: HOUSTAN INNOVATION),Youyaku Electric (Importer: Houstan Innovation),Youyaku Electric (Importer: Houstan Innovation)
YOUYAKU ELECTRIC (IMPORTER: POWORO PVT LTD),Youyaku Electric (Importer: Poworo ),Youyaku Electric (Importer: Poworo )
YOUYAKU ELECTRIC (IMPORTER: SASDAL ENTERPRISES),Youyaku Electric (Importer: Sasdal Enterprises),Youyaku Electric (Importer: Sasdal Enterprises)
YOUYAKU ELECTRIC (IMPORTER: SHEMA E-VEHICLE),Youyaku Electric (Importer: Shema E-Vehicle),Youyaku Electric (Importer: Shema E-Vehicle)
YOUYAKU ELECTRIC (IMPORTER: SMOBILITY EV),Youyaku Electric (Importer: Smobility Ev),Youyaku Electric (Importer: Smobility Ev)
YOUYAKU ELECTRIC (IMPORTER: TES ELECTRIC),Youyaku Electric (Importer: Tes Electric),Youyaku Electric (Importer: Tes Electric)
YOUYAKU ELECTRIC (IMPORTER: TVISI ELECTRIC),Youyaku Electric (Importer: Tvisi Electric),Youyaku Electric (Importer: Tvisi Electric)
YOUYAKU ELECTRIC (IMPORTER:IME VEHICLES PVT LTD),Youyaku Electric (Importer:Ime Vehicles ),Youyaku Electric (Importer:Ime Vehicles )
YOUYAKU ELECTRIC (IMPORTER:KRISHIKA EV INDIA),Youyaku Electric (Importer:Krishika Ev India),Youyaku Electric (Importer:Krishika Ev India)
YOUYAKU ELECTRIC (IMPORTER:NEWTRON ELECTRIC),Youyaku Electric (Importer:Newtron Electric),Youyaku Electric (Importer:Newtron Electric)
YOUYAKU ELECTRIC (IMPORTER:ONZO EV),Youyaku Electric (Importer:Onzo Ev),Youyaku Electric (Importer:Onzo Ev)
YOUYAKU ELECTRIC (IMPORTER:RIVALDO ELECTRIC),Youyaku Electric (Importer:Rivaldo Electric),Youyaku Electric (Importer:Rivaldo Electric)
YOUYAKU ELECTRIC TECHNOLOGY (IMPORTER:JHEV MOTORS),Youyaku Electric Technology (Importer:Jhev Motors),Youyaku Electric Technology (Importer:Jhev Motors)
ZAP (HK) (IMPORTER: IZANAU ELECTRIC),Zap (Hk) (Importer: Izanau Electric),Zap (Hk) (Importer: Izanau Electric)
ZAP (IMPORTER:ELLYSIUM AUTOMOTIVES PVT LTD),Zap (Importer:Ellysium Automotives ),Zap (Importer:Ellysium Automotives )
ZELIO E-MOBILITY LTD,Zelio E-Mobility,Zelio E-Mobility
ZENIAK INNOVATION INDIA LTD,Zeniak Innovation India,Zeniak Innovation India
ZHEJIANG LUYUAN (IMPORTER: DYNAM EV TECH),Zhejiang Luyuan (Importer: Dynam Ev Tech),Zhejiang Luyuan (Importer: Dynam Ev Tech)
ZHEJIANG TIANBEN (IMPORTER: SLSR ELECTRO),Zhejiang Tianben (Importer: Slsr Electro),Zhejiang Tianben (Importer: Slsr Electro)
ZHEJIANG TIANYING (IMPORTER: NEWTRON ELECTRIC),Zhejiang Tianying (Importer: Newtron Electric),Zhejiang Tianying (Importer: Newtron Electric)
ZHEJIANG ZUBOO (IMPORTER: KLCS MOTORS PVT LTD),Zhejiang Zuboo (Importer: Klcs Motors ),Zhejiang Zuboo (Importer: Klcs Motors )
ZHONGHUALONG (IMPORTER: POWORO PVT LTD),Zhonghualong (Importer: Poworo ),Zhonghualong (Importer: Poworo )
ZHONGXING (IMPORTER:GREENO AUTOMOBILE),Zhongxing (Importer:Greeno Automobile),Zhongxing (Importer:Greeno Automobile)
