state,vahan_name,region
Andaman and Nicobar Islands,Andaman & Nicobar Island,South
Andhra Pradesh,Andhra Pradesh,South
Arunachal Pradesh,Arunachal Pradesh,Northeast
Assam,Assam,Northeast
Bihar,Bihar,East
Chandigarh,Chandigarh,North
Chhattisgarh,Chhattisgarh,Central
Dadra and Nagar Haveli and Daman and Diu,UT of DNH and DD,West
Delhi,Delhi,North
Goa,Goa,West
Gujarat,Gujarat,West
Haryana,Haryana,North
Himachal Pradesh,Himachal Pradesh,North
Jammu and Kashmir,Jammu and Kashmir,North
Jharkhand,Jharkhand,East
Karnataka,Karnataka,South
Kerala,Kerala,South
Ladakh,Ladakh,North
Lakshadweep,Lakshadweep,South
Madhya Pradesh,Madhya Pradesh,Central
Maharashtra,Maharashtra,West
Manipur,Manipur,Northeast
Meghalaya,Meghalaya,Northeast
Mizoram,Mizoram,Northeast
Nagaland,Nagaland,Northeast
Odisha,Odisha,East
Puducherry,Puducherry,South
Punjab,Punjab,North
Rajasthan,Rajasthan,North
Sikkim,Sikkim,Northeast
Tamil Nadu,Tamil Nadu,South
Telangana,Telangana,South
Tripura,Tripura,Northeast
Uttar Pradesh,Uttar Pradesh,Central
Uttarakhand,Uttarakhand,Central
West Bengal,West Bengal,East
